{"schemaVersion":"1.0","appDefinitionTemplate":{"id":"/providers/Microsoft.PowerApps/apps/","type":"Microsoft.PowerApps/apps","tags":{"primaryDeviceWidth":"1136","primaryDeviceHeight":"640","sienaVersion":"20221107T133924Z-3.22104.22.0","deviceCapabilities":"webcam","supportsPortrait":"false","supportsLandscape":"true","primaryFormFactor":"Phone","publisherVersion":"3.22104.22","minimumRequiredApiVersion":"2.2.0","hasComponent":"false","hasUnlockedComponent":"false","isUnifiedRootApp":"false"},"properties":{"appVersion":"2022-11-07T13:39:24Z","lifeCycleId":"Published","createdByClientVersion":{"major":3,"minor":22104,"build":22,"revision":0,"majorRevision":0,"minorRevision":0},"minClientVersion":{"major":3,"minor":22104,"build":22,"revision":0,"majorRevision":0,"minorRevision":0},"backgroundColor":"rgba(109, 49, 162, 1)","backgroundImageUri":"/13480174860451007517/N4cc17904-15dc-4fca-8c76-354268894c6d-logoSmallFile","displayName":"NYC 2 me","description":"","commitMessage":"","appUris":{"documentUri":{"value":"/13480174860451007517/N4ea7c0e8-b437-4f2a-87f4-0252ee085990-document.msapp"},"imageUris":[],"additionalUris":[]},"createdTime":"0001-01-01T00:00:00Z","lastModifiedTime":"0001-01-01T00:00:00Z","sharedGroupsCount":0,"sharedUsersCount":0,"icons":{"smallIconUri":"/13480174860451007517/N23c803d7-a0f1-4f56-b601-27d7e46e088f-small.png","mediumIconUri":"/13480174860451007517/Na6f5afb1-41d0-4e7c-a03d-218ed43d866b-medium.png","largeIconUri":"/13480174860451007517/N4da47791-5ac1-446e-bdf9-c86e0e4f1fe7-large.png","wideIconUri":"/13480174860451007517/Ne3479c34-7cb8-477e-8040-3a324a5fbde7-wide.png"},"connectionReferences":{},"databaseReferences":{},"almMode":"Environment","performanceOptimizationEnabled":true,"canConsumeAppPass":true,"enableModernRuntimeMode":false,"executionRestrictions":{"isTeamsOnly":false,"dataLossPreventionEvaluationResult":{"status":"Compliant","lastEvaluationDate":"2021-09-29T14:49:07.9087557Z","violations":[],"violationsByPolicy":[],"violationErrorMessage":"The app uses the following connectors: ."}}},"appType":"ClassicCanvasApp","appComponents":[]}}