{"name":"a435d0b6-8549-40e5-913c-112711904364","id":"/providers/Microsoft.Flow/flows/a435d0b6-8549-40e5-913c-112711904364","type":"Microsoft.Flow/flows","properties":{"apiId":"/providers/Microsoft.PowerApps/apis/shared_logicflows","displayName":"DeploySPLists","definition":{"metadata":{"workflowEntityId":null,"creator":{"id":"1a6336ee-6001-45ca-b32b-492a0e85f56d","type":"User","tenantId":"066b0ea2-fd2e-4378-b3c7-775ac449a797"},"provisioningMethod":"FromDefinition","failureAlertSubscription":true,"clientLastModifiedTime":"2020-07-07T20:52:06.723903Z"},"$schema":"https://schema.management.azure.com/providers/Microsoft.Logic/schemas/2016-06-01/workflowdefinition.json#","contentVersion":"1.0.0.0","parameters":{"$connections":{"defaultValue":{},"type":"Object"},"$authentication":{"defaultValue":{},"type":"SecureObject"}},"triggers":{"manual":{"type":"Request","kind":"Button","inputs":{"schema":{"type":"object","properties":{},"required":[]}}}},"actions":{"Variable_-_Target_Site_for_Lists":{"runAfter":{},"type":"InitializeVariable","inputs":{"variables":[{"name":"varSitePrefix","type":"string","value":"https://crm184039.sharepoint.com/sites/TestSite2"}]},"description":"Internal URL for the site (rather than the display name)"},"Variable_-_App_Name":{"runAfter":{"Variable_-_Target_Site_for_Lists":["Succeeded"]},"type":"InitializeVariable","inputs":{"variables":[{"name":"varAppName","type":"string","value":"Back to Work"}]}},"Eight_Feature_Columns":{"runAfter":{"Variable_-_App_Name":["Succeeded"]},"type":"InitializeVariable","inputs":{"variables":[{"name":"varFeatureInteger","type":"integer","value":1}]}},"Scope_-_Logo_Library":{"actions":{"Send_an_HTTP_request_to_SharePoint_Logo_Library":{"runAfter":{},"type":"OpenApiConnection","inputs":{"host":{"apiId":"/providers/Microsoft.PowerApps/apis/shared_sharepointonline","connectionName":"shared_sharepointonline","operationId":"HttpRequest"},"parameters":{"dataset":"@variables('varSitePrefix')","parameters/method":"POST","parameters/uri":"/_api/web/lists","parameters/headers":{"Accept":"application/json;odata=verbose","Content-Type":"application/json;odata=verbose"},"parameters/body":"{\n  \"__metadata\": {\"type\": \"SP.List\"},\n  \"AllowContentTypes\": true,\n  \"BaseTemplate\": 101,\n \"Description\": \"Library for related logo(s) and other image assets for @{variables('varAppName')} \",\n \"Title\": \"BAR_LogosAssets\"\n}"},"authentication":{"value":"@json(decodeBase64(triggerOutputs().headers['X-MS-APIM-Tokens']))['$ConnectionKey']","type":"Raw"}}}},"runAfter":{"Eight_Feature_Columns":["Succeeded"]},"type":"Scope"},"Scope_-_Admin_List":{"actions":{"Send_an_HTTP_request_to_SharePoint_ADMIN":{"runAfter":{},"type":"OpenApiConnection","inputs":{"host":{"apiId":"/providers/Microsoft.PowerApps/apis/shared_sharepointonline","connectionName":"shared_sharepointonline","operationId":"HttpRequest"},"parameters":{"dataset":"@variables('varSitePrefix')","parameters/method":"POST","parameters/uri":"/_api/web/lists","parameters/headers":{"Accept":"application/json;odata=verbose","Content-Type":"application/json;odata=verbose"},"parameters/body":"{\n  \"__metadata\": {\"type\": \"SP.List\"},\n  \"AllowContentTypes\": true,\n  \"BaseTemplate\": 100,\n \"Description\": \"Admin configuration list for @{variables('varAppName')} \",\n \"Title\": \"BAR_AppSettings\"\n}"},"authentication":{"value":"@json(decodeBase64(triggerOutputs().headers['X-MS-APIM-Tokens']))['$ConnectionKey']","type":"Raw"}}},"ADMIN_RequestBuildingAccess":{"runAfter":{"Send_an_HTTP_request_to_SharePoint_ADMIN":["Succeeded"]},"type":"OpenApiConnection","inputs":{"host":{"apiId":"/providers/Microsoft.PowerApps/apis/shared_sharepointonline","connectionName":"shared_sharepointonline","operationId":"HttpRequest"},"parameters":{"dataset":"@variables('varSitePrefix')","parameters/method":"POST","parameters/uri":"_api/lists/getbytitle('BAR_AppSettings')/fields","parameters/headers":{"Accept":"application/json;odata=verbose","Content-Type":"application/json;odata=verbose"},"parameters/body":"{\n    '__metadata': {'type':'SP.Field'},\n    'FieldTypeKind': 8,\n     'Title': 'RequestBuildingAccess'\n}"},"authentication":{"value":"@json(decodeBase64(triggerOutputs().headers['X-MS-APIM-Tokens']))['$ConnectionKey']","type":"Raw"}}},"Add_RequestBuildingAccess_to_Default_View":{"runAfter":{"ADMIN_RequestBuildingAccess":["Succeeded"]},"type":"OpenApiConnection","inputs":{"host":{"apiId":"/providers/Microsoft.PowerApps/apis/shared_sharepointonline","connectionName":"shared_sharepointonline","operationId":"HttpRequest"},"parameters":{"dataset":"@variables('varSitePrefix')","parameters/method":"POST","parameters/uri":"_api/web/lists/GetByTitle('BAR_AppSettings')/views/getbytitle('All Items')/ViewFields/AddViewField('RequestBuildingAccess')","parameters/headers":{"accept":"application/json;odata=verbose","content-Type":"application/json;odata=verbose"}},"authentication":{"value":"@json(decodeBase64(triggerOutputs().headers['X-MS-APIM-Tokens']))['$ConnectionKey']","type":"Raw"}}},"ADMIN_SafetyPrecautions":{"runAfter":{"Add_RequestBuildingAccess_to_Default_View":["Succeeded"]},"type":"OpenApiConnection","inputs":{"host":{"apiId":"/providers/Microsoft.PowerApps/apis/shared_sharepointonline","connectionName":"shared_sharepointonline","operationId":"HttpRequest"},"parameters":{"dataset":"@variables('varSitePrefix')","parameters/method":"POST","parameters/uri":"_api/lists/getbytitle('BAR_AppSettings')/fields","parameters/headers":{"Accept":"application/json;odata=verbose","Content-Type":"application/json;odata=verbose"},"parameters/body":"{\n    '__metadata': {'type':'SP.Field'},\n    'FieldTypeKind': 8,\n     'Title': 'SafetyPrecautions'\n}"},"authentication":{"value":"@json(decodeBase64(triggerOutputs().headers['X-MS-APIM-Tokens']))['$ConnectionKey']","type":"Raw"}}},"Add_SafetyPrecautions_to_Default_View":{"runAfter":{"ADMIN_SafetyPrecautions":["Succeeded"]},"type":"OpenApiConnection","inputs":{"host":{"apiId":"/providers/Microsoft.PowerApps/apis/shared_sharepointonline","connectionName":"shared_sharepointonline","operationId":"HttpRequest"},"parameters":{"dataset":"@variables('varSitePrefix')","parameters/method":"POST","parameters/uri":"_api/web/lists/GetByTitle('BAR_AppSettings')/views/getbytitle('All Items')/ViewFields/AddViewField('SafetyPrecautions')","parameters/headers":{"accept":"application/json;odata=verbose","content-Type":"application/json;odata=verbose"}},"authentication":{"value":"@json(decodeBase64(triggerOutputs().headers['X-MS-APIM-Tokens']))['$ConnectionKey']","type":"Raw"}}},"ADMIN_KeyQuestions":{"runAfter":{"Add_SafetyPrecautions_to_Default_View":["Succeeded"]},"type":"OpenApiConnection","inputs":{"host":{"apiId":"/providers/Microsoft.PowerApps/apis/shared_sharepointonline","connectionName":"shared_sharepointonline","operationId":"HttpRequest"},"parameters":{"dataset":"@variables('varSitePrefix')","parameters/method":"POST","parameters/uri":"_api/lists/getbytitle('BAR_AppSettings')/fields","parameters/headers":{"Accept":"application/json;odata=verbose","Content-Type":"application/json;odata=verbose"},"parameters/body":"{\n    '__metadata': {'type':'SP.Field'},\n    'FieldTypeKind': 8,\n     'Title': 'KeyQuestions'\n}"},"authentication":{"value":"@json(decodeBase64(triggerOutputs().headers['X-MS-APIM-Tokens']))['$ConnectionKey']","type":"Raw"}}},"Add_KeyQuestions_to_Default_View":{"runAfter":{"ADMIN_KeyQuestions":["Succeeded"]},"type":"OpenApiConnection","inputs":{"host":{"apiId":"/providers/Microsoft.PowerApps/apis/shared_sharepointonline","connectionName":"shared_sharepointonline","operationId":"HttpRequest"},"parameters":{"dataset":"@variables('varSitePrefix')","parameters/method":"POST","parameters/uri":"_api/web/lists/GetByTitle('BAR_AppSettings')/views/getbytitle('All Items')/ViewFields/AddViewField('KeyQuestions')","parameters/headers":{"accept":"application/json;odata=verbose","content-Type":"application/json;odata=verbose"}},"authentication":{"value":"@json(decodeBase64(triggerOutputs().headers['X-MS-APIM-Tokens']))['$ConnectionKey']","type":"Raw"}}},"ADMIN_KeyQuestionDescription":{"runAfter":{"Add_KeyQuestions_to_Default_View":["Succeeded"]},"type":"OpenApiConnection","inputs":{"host":{"apiId":"/providers/Microsoft.PowerApps/apis/shared_sharepointonline","connectionName":"shared_sharepointonline","operationId":"HttpRequest"},"parameters":{"dataset":"@variables('varSitePrefix')","parameters/method":"POST","parameters/uri":"_api/lists/getbytitle('BAR_AppSettings')/fields","parameters/headers":{"Accept":"application/json;odata=verbose","Content-Type":"application/json;odata=verbose"},"parameters/body":"{\n    '__metadata': {'type':'SP.Field'},\n    'FieldTypeKind': 3,\n    'Title': 'KeyQuestionDescription'\n}"},"authentication":{"value":"@json(decodeBase64(triggerOutputs().headers['X-MS-APIM-Tokens']))['$ConnectionKey']","type":"Raw"}}},"Add_KeyQuestionDescription_to_Default_View":{"runAfter":{"ADMIN_KeyQuestionDescription":["Succeeded"]},"type":"OpenApiConnection","inputs":{"host":{"apiId":"/providers/Microsoft.PowerApps/apis/shared_sharepointonline","connectionName":"shared_sharepointonline","operationId":"HttpRequest"},"parameters":{"dataset":"@variables('varSitePrefix')","parameters/method":"POST","parameters/uri":"_api/web/lists/GetByTitle('BAR_AppSettings')/views/getbytitle('All Items')/ViewFields/AddViewField('KeyQuestionDescription')","parameters/headers":{"accept":"application/json;odata=verbose","content-Type":"application/json;odata=verbose"}},"authentication":{"value":"@json(decodeBase64(triggerOutputs().headers['X-MS-APIM-Tokens']))['$ConnectionKey']","type":"Raw"}}},"ADMIN_EnableInlineApprovals":{"runAfter":{"Add_KeyQuestionDescription_to_Default_View":["Succeeded"]},"type":"OpenApiConnection","inputs":{"host":{"apiId":"/providers/Microsoft.PowerApps/apis/shared_sharepointonline","connectionName":"shared_sharepointonline","operationId":"HttpRequest"},"parameters":{"dataset":"@variables('varSitePrefix')","parameters/method":"POST","parameters/uri":"_api/lists/getbytitle('BAR_AppSettings')/fields","parameters/headers":{"Accept":"application/json;odata=verbose","Content-Type":"application/json;odata=verbose"},"parameters/body":"{\n    '__metadata': {'type':'SP.Field'},\n    'FieldTypeKind': 8,\n     'Title': 'EnableInlineApprovals',\n    'DefaultValue':'0'\n}"},"authentication":{"value":"@json(decodeBase64(triggerOutputs().headers['X-MS-APIM-Tokens']))['$ConnectionKey']","type":"Raw"}}},"Add_EnableInlineApprovals_to_Default_View":{"runAfter":{"ADMIN_EnableInlineApprovals":["Succeeded"]},"type":"OpenApiConnection","inputs":{"host":{"apiId":"/providers/Microsoft.PowerApps/apis/shared_sharepointonline","connectionName":"shared_sharepointonline","operationId":"HttpRequest"},"parameters":{"dataset":"@variables('varSitePrefix')","parameters/method":"POST","parameters/uri":"_api/web/lists/GetByTitle('BAR_AppSettings')/views/getbytitle('All Items')/ViewFields/AddViewField('EnableInlineApprovals')","parameters/headers":{"accept":"application/json;odata=verbose","content-Type":"application/json;odata=verbose"}},"authentication":{"value":"@json(decodeBase64(triggerOutputs().headers['X-MS-APIM-Tokens']))['$ConnectionKey']","type":"Raw"}}},"ADMIN_BookingAdvance":{"runAfter":{"Add_EnableInlineApprovals_to_Default_View":["Succeeded"]},"type":"OpenApiConnection","inputs":{"host":{"apiId":"/providers/Microsoft.PowerApps/apis/shared_sharepointonline","connectionName":"shared_sharepointonline","operationId":"HttpRequest"},"parameters":{"dataset":"@variables('varSitePrefix')","parameters/method":"POST","parameters/uri":"_api/lists/getbytitle('BAR_AppSettings')/fields","parameters/headers":{"Accept":"application/json;odata=verbose","Content-Type":"application/json;odata=verbose"},"parameters/body":"{\n    '__metadata': {'type':'SP.FieldNumber'},\n    'FieldTypeKind':9,\n      \"EnforceUniqueValues\":false,\n      \"Required\":false,\n    'Title': 'BookingAdvance',\n    \"DefaultValue\":\"14\",\n    \"MinimumValue\":1,\n    \"MaximumValue\":1800\n}"},"authentication":{"value":"@json(decodeBase64(triggerOutputs().headers['X-MS-APIM-Tokens']))['$ConnectionKey']","type":"Raw"}}},"Add_BookingAdvance_to_Default_View":{"runAfter":{"ADMIN_BookingAdvance":["Succeeded"]},"type":"OpenApiConnection","inputs":{"host":{"apiId":"/providers/Microsoft.PowerApps/apis/shared_sharepointonline","connectionName":"shared_sharepointonline","operationId":"HttpRequest"},"parameters":{"dataset":"@variables('varSitePrefix')","parameters/method":"POST","parameters/uri":"_api/web/lists/GetByTitle('BAR_AppSettings')/views/getbytitle('All Items')/ViewFields/AddViewField('BookingAdvance')","parameters/headers":{"accept":"application/json;odata=verbose","content-Type":"application/json;odata=verbose"}},"authentication":{"value":"@json(decodeBase64(triggerOutputs().headers['X-MS-APIM-Tokens']))['$ConnectionKey']","type":"Raw"}}},"ADMIN_KeyQuestionsFailMessage":{"runAfter":{"Add_BookingAdvance_to_Default_View":["Succeeded"]},"type":"OpenApiConnection","inputs":{"host":{"apiId":"/providers/Microsoft.PowerApps/apis/shared_sharepointonline","connectionName":"shared_sharepointonline","operationId":"HttpRequest"},"parameters":{"dataset":"@variables('varSitePrefix')","parameters/method":"POST","parameters/uri":"_api/lists/getbytitle('BAR_AppSettings')/fields","parameters/headers":{"Accept":"application/json;odata=verbose","Content-Type":"application/json;odata=verbose"},"parameters/body":"{\n    '__metadata': {'type':'SP.FieldMultiLineText'},\n    'FieldTypeKind':3,\n    'Title': 'KeyQuestionsFailMessage',\n    'NumberOfLines':6,\n    'RichText':true\n}"},"authentication":{"value":"@json(decodeBase64(triggerOutputs().headers['X-MS-APIM-Tokens']))['$ConnectionKey']","type":"Raw"}}},"Add_KeyQuestionsFailMessageto_Default_View":{"runAfter":{"ADMIN_KeyQuestionsFailMessage":["Succeeded"]},"type":"OpenApiConnection","inputs":{"host":{"apiId":"/providers/Microsoft.PowerApps/apis/shared_sharepointonline","connectionName":"shared_sharepointonline","operationId":"HttpRequest"},"parameters":{"dataset":"@variables('varSitePrefix')","parameters/method":"POST","parameters/uri":"_api/web/lists/GetByTitle('BAR_AppSettings')/views/getbytitle('All Items')/ViewFields/AddViewField('KeyQuestionsFailMessage')","parameters/headers":{"accept":"application/json;odata=verbose","content-Type":"application/json;odata=verbose"}},"authentication":{"value":"@json(decodeBase64(triggerOutputs().headers['X-MS-APIM-Tokens']))['$ConnectionKey']","type":"Raw"}}},"ADMIN_BookingAdvanceErrorMessage":{"runAfter":{"Add_KeyQuestionsFailMessageto_Default_View":["Succeeded"]},"type":"OpenApiConnection","inputs":{"host":{"apiId":"/providers/Microsoft.PowerApps/apis/shared_sharepointonline","connectionName":"shared_sharepointonline","operationId":"HttpRequest"},"parameters":{"dataset":"@variables('varSitePrefix')","parameters/method":"POST","parameters/uri":"_api/lists/getbytitle('BAR_AppSettings')/fields","parameters/headers":{"Accept":"application/json;odata=verbose","Content-Type":"application/json;odata=verbose"},"parameters/body":"{\n    '__metadata': {'type':'SP.FieldText'},\n    'FieldTypeKind':2,\n    'Title': 'BookingAdvanceErrorMessage',\n   'DefaultValue':'You can only book for 14 days in advance'\n}"},"authentication":{"value":"@json(decodeBase64(triggerOutputs().headers['X-MS-APIM-Tokens']))['$ConnectionKey']","type":"Raw"}}},"Add_BookingAdvanceErrorMessage_to_Default_View":{"runAfter":{"ADMIN_BookingAdvanceErrorMessage":["Succeeded"]},"type":"OpenApiConnection","inputs":{"host":{"apiId":"/providers/Microsoft.PowerApps/apis/shared_sharepointonline","connectionName":"shared_sharepointonline","operationId":"HttpRequest"},"parameters":{"dataset":"@variables('varSitePrefix')","parameters/method":"POST","parameters/uri":"_api/web/lists/GetByTitle('BAR_AppSettings')/views/getbytitle('All Items')/ViewFields/AddViewField('BookingAdvanceErrorMessage')","parameters/headers":{"accept":"application/json;odata=verbose","content-Type":"application/json;odata=verbose"}},"authentication":{"value":"@json(decodeBase64(triggerOutputs().headers['X-MS-APIM-Tokens']))['$ConnectionKey']","type":"Raw"}}},"ADMIN_AdminTeamsID":{"runAfter":{"Add_BookingAdvanceErrorMessage_to_Default_View":["Succeeded"]},"type":"OpenApiConnection","inputs":{"host":{"apiId":"/providers/Microsoft.PowerApps/apis/shared_sharepointonline","connectionName":"shared_sharepointonline","operationId":"HttpRequest"},"parameters":{"dataset":"@variables('varSitePrefix')","parameters/method":"POST","parameters/uri":"_api/lists/getbytitle('BAR_AppSettings')/fields","parameters/headers":{"Accept":"application/json;odata=verbose","Content-Type":"application/json;odata=verbose"},"parameters/body":"{\n    '__metadata': {'type':'SP.FieldText'},\n    'FieldTypeKind':2,\n    'Title': 'AdminTeamsID'\n}"},"authentication":{"value":"@json(decodeBase64(triggerOutputs().headers['X-MS-APIM-Tokens']))['$ConnectionKey']","type":"Raw"}}},"Add_AdminTeamsID_to_Default_View":{"runAfter":{"ADMIN_AdminTeamsID":["Succeeded"]},"type":"OpenApiConnection","inputs":{"host":{"apiId":"/providers/Microsoft.PowerApps/apis/shared_sharepointonline","connectionName":"shared_sharepointonline","operationId":"HttpRequest"},"parameters":{"dataset":"@variables('varSitePrefix')","parameters/method":"POST","parameters/uri":"_api/web/lists/GetByTitle('BAR_AppSettings')/views/getbytitle('All Items')/ViewFields/AddViewField('AdminTeamsID')","parameters/headers":{"accept":"application/json;odata=verbose","content-Type":"application/json;odata=verbose"}},"authentication":{"value":"@json(decodeBase64(triggerOutputs().headers['X-MS-APIM-Tokens']))['$ConnectionKey']","type":"Raw"}}},"ADMIN_AdminTeamChannelID":{"runAfter":{"Add_AdminTeamsID_to_Default_View":["Succeeded"]},"type":"OpenApiConnection","inputs":{"host":{"apiId":"/providers/Microsoft.PowerApps/apis/shared_sharepointonline","connectionName":"shared_sharepointonline","operationId":"HttpRequest"},"parameters":{"dataset":"@variables('varSitePrefix')","parameters/method":"POST","parameters/uri":"_api/lists/getbytitle('BAR_AppSettings')/fields","parameters/headers":{"Accept":"application/json;odata=verbose","Content-Type":"application/json;odata=verbose"},"parameters/body":"{\n    '__metadata': {'type':'SP.FieldText'},\n    'FieldTypeKind':2,\n    'Title': 'AdminTeamChannelID'\n}"},"authentication":{"value":"@json(decodeBase64(triggerOutputs().headers['X-MS-APIM-Tokens']))['$ConnectionKey']","type":"Raw"}}},"Add_AdminTeamChannelID_to_Default_View":{"runAfter":{"ADMIN_AdminTeamChannelID":["Succeeded"]},"type":"OpenApiConnection","inputs":{"host":{"apiId":"/providers/Microsoft.PowerApps/apis/shared_sharepointonline","connectionName":"shared_sharepointonline","operationId":"HttpRequest"},"parameters":{"dataset":"@variables('varSitePrefix')","parameters/method":"POST","parameters/uri":"_api/web/lists/GetByTitle('BAR_AppSettings')/views/getbytitle('All Items')/ViewFields/AddViewField('AdminTeamChannelID')","parameters/headers":{"accept":"application/json;odata=verbose","content-Type":"application/json;odata=verbose"}},"authentication":{"value":"@json(decodeBase64(triggerOutputs().headers['X-MS-APIM-Tokens']))['$ConnectionKey']","type":"Raw"}}}},"runAfter":{"Scope_-_Logo_Library":["Succeeded"]},"type":"Scope"},"Scope_-_Buildings":{"actions":{"Send_an_HTTP_request_to_SharePoint_BUILDINGS":{"runAfter":{},"type":"OpenApiConnection","inputs":{"host":{"apiId":"/providers/Microsoft.PowerApps/apis/shared_sharepointonline","connectionName":"shared_sharepointonline","operationId":"HttpRequest"},"parameters":{"dataset":"@variables('varSitePrefix')","parameters/method":"POST","parameters/uri":"/_api/web/lists","parameters/headers":{"Accept":"application/json;odata=verbose","Content-Type":"application/json;odata=verbose"},"parameters/body":"{\n  \"__metadata\": {\"type\": \"SP.List\"},\n  \"AllowContentTypes\": true,\n  \"BaseTemplate\": 100,\n \"Description\": \"Building List for @{variables('varAppName')}.\",\n \"Title\": \"BAR_Buildings\"\n}"},"authentication":{"value":"@json(decodeBase64(triggerOutputs().headers['X-MS-APIM-Tokens']))['$ConnectionKey']","type":"Raw"}}},"Add_Country_to_Default_View":{"runAfter":{"BUILDINGS_-_Country":["Succeeded"]},"type":"OpenApiConnection","inputs":{"host":{"apiId":"/providers/Microsoft.PowerApps/apis/shared_sharepointonline","connectionName":"shared_sharepointonline","operationId":"HttpRequest"},"parameters":{"dataset":"@variables('varSitePrefix')","parameters/method":"POST","parameters/uri":"_api/web/lists/GetByTitle('BAR_Buildings')/views/getbytitle('All Items')/ViewFields/AddViewField('Country')","parameters/headers":{"accept":"application/json;odata=verbose","content-Type":"application/json;odata=verbose"}},"authentication":{"value":"@json(decodeBase64(triggerOutputs().headers['X-MS-APIM-Tokens']))['$ConnectionKey']","type":"Raw"}}},"BUILDINGS_-_Address":{"runAfter":{"Send_an_HTTP_request_to_SharePoint_BUILDINGS":["Succeeded"]},"type":"OpenApiConnection","inputs":{"host":{"apiId":"/providers/Microsoft.PowerApps/apis/shared_sharepointonline","connectionName":"shared_sharepointonline","operationId":"HttpRequest"},"parameters":{"dataset":"@variables('varSitePrefix')","parameters/method":"POST","parameters/uri":"_api/lists/getbytitle('BAR_Buildings')/fields","parameters/headers":{"Accept":"application/json;odata=verbose","Content-Type":"application/json;odata=verbose"},"parameters/body":"{\n    '__metadata': {'type':'SP.FieldText'},\n    'FieldTypeKind': 2,\n    'Title': 'Address'\n}"},"authentication":{"value":"@json(decodeBase64(triggerOutputs().headers['X-MS-APIM-Tokens']))['$ConnectionKey']","type":"Raw"}}},"Add_BUILDINGS_to_Default_View":{"runAfter":{"BUILDINGS_-_Address":["Succeeded"]},"type":"OpenApiConnection","inputs":{"host":{"apiId":"/providers/Microsoft.PowerApps/apis/shared_sharepointonline","connectionName":"shared_sharepointonline","operationId":"HttpRequest"},"parameters":{"dataset":"@variables('varSitePrefix')","parameters/method":"POST","parameters/uri":"_api/web/lists/GetByTitle('BAR_Buildings')/views/getbytitle('All Items')/ViewFields/AddViewField('Address')","parameters/headers":{"accept":"application/json;odata=verbose","content-Type":"application/json;odata=verbose"}},"authentication":{"value":"@json(decodeBase64(triggerOutputs().headers['X-MS-APIM-Tokens']))['$ConnectionKey']","type":"Raw"}}},"BUILDINGS_-_Country":{"runAfter":{"Add_BUILDINGS_to_Default_View":["Succeeded"]},"type":"OpenApiConnection","inputs":{"host":{"apiId":"/providers/Microsoft.PowerApps/apis/shared_sharepointonline","connectionName":"shared_sharepointonline","operationId":"HttpRequest"},"parameters":{"dataset":"@variables('varSitePrefix')","parameters/method":"POST","parameters/uri":"_api/lists/getbytitle('BAR_Buildings')/fields","parameters/headers":{"Accept":"application/json;odata=verbose","Content-Type":"application/json;odata=verbose"},"parameters/body":"{\n    '__metadata': {'type':'SP.FieldText'},\n    'FieldTypeKind': 2,\n    'Title': 'Country'\n}"},"authentication":{"value":"@json(decodeBase64(triggerOutputs().headers['X-MS-APIM-Tokens']))['$ConnectionKey']","type":"Raw"}}},"BUILDINGS_-_Seats":{"runAfter":{"Add_Country_to_Default_View":["Succeeded"]},"type":"OpenApiConnection","inputs":{"host":{"apiId":"/providers/Microsoft.PowerApps/apis/shared_sharepointonline","connectionName":"shared_sharepointonline","operationId":"HttpRequest"},"parameters":{"dataset":"@variables('varSitePrefix')","parameters/method":"POST","parameters/uri":"_api/lists/getbytitle('BAR_Buildings')/fields","parameters/headers":{"Accept":"application/json;odata=verbose","Content-Type":"application/json;odata=verbose"},"parameters/body":"{\n    '__metadata': {'type':'SP.FieldNumber'},\n    'FieldTypeKind':9,\n     \"EnforceUniqueValues\":false,\n     \"Required\":false,\n    'Title': 'Seats',\n    'DefaultValue':'0'\n}"},"authentication":{"value":"@json(decodeBase64(triggerOutputs().headers['X-MS-APIM-Tokens']))['$ConnectionKey']","type":"Raw"}}},"Add_Seats_to_Default_View":{"runAfter":{"BUILDINGS_-_Seats":["Succeeded"]},"type":"OpenApiConnection","inputs":{"host":{"apiId":"/providers/Microsoft.PowerApps/apis/shared_sharepointonline","connectionName":"shared_sharepointonline","operationId":"HttpRequest"},"parameters":{"dataset":"@variables('varSitePrefix')","parameters/method":"POST","parameters/uri":"_api/web/lists/GetByTitle('BAR_Buildings')/views/getbytitle('All Items')/ViewFields/AddViewField('Seats')","parameters/headers":{"accept":"application/json;odata=verbose","content-Type":"application/json;odata=verbose"}},"authentication":{"value":"@json(decodeBase64(triggerOutputs().headers['X-MS-APIM-Tokens']))['$ConnectionKey']","type":"Raw"}}},"BUILDINGS_-_OccupancyThreshold":{"runAfter":{"Add_Seats_to_Default_View":["Succeeded"]},"type":"OpenApiConnection","inputs":{"host":{"apiId":"/providers/Microsoft.PowerApps/apis/shared_sharepointonline","connectionName":"shared_sharepointonline","operationId":"HttpRequest"},"parameters":{"dataset":"@variables('varSitePrefix')","parameters/method":"POST","parameters/uri":"_api/lists/getbytitle('BAR_Buildings')/fields","parameters/headers":{"Accept":"application/json;odata=verbose","Content-Type":"application/json;odata=verbose"},"parameters/body":"{\n    '__metadata': {'type':'SP.FieldNumber'},\n    'FieldTypeKind':9,\n     \"EnforceUniqueValues\":false,\n     \"Required\":false,\n    'Title': 'Occupancy Threshold',\n    'DefaultValue':'0',\n    'MinimumValue':0,\n    'MaximumValue':100\n   \n}"},"authentication":{"value":"@json(decodeBase64(triggerOutputs().headers['X-MS-APIM-Tokens']))['$ConnectionKey']","type":"Raw"}}},"Add_OccupancyThreshold_to_Default_View":{"runAfter":{"BUILDINGS_-_OccupancyThreshold":["Succeeded"]},"type":"OpenApiConnection","inputs":{"host":{"apiId":"/providers/Microsoft.PowerApps/apis/shared_sharepointonline","connectionName":"shared_sharepointonline","operationId":"HttpRequest"},"parameters":{"dataset":"@variables('varSitePrefix')","parameters/method":"POST","parameters/uri":"_api/web/lists/GetByTitle('BAR_Buildings')/views/getbytitle('All Items')/ViewFields/AddViewField('Occupancy Threshold')","parameters/headers":{"accept":"application/json;odata=verbose","content-Type":"application/json;odata=verbose"}},"authentication":{"value":"@json(decodeBase64(triggerOutputs().headers['X-MS-APIM-Tokens']))['$ConnectionKey']","type":"Raw"}}},"BUILDINGS_-_MaxOccupancy":{"runAfter":{"Add_OccupancyThreshold_to_Default_View":["Succeeded"]},"type":"OpenApiConnection","inputs":{"host":{"apiId":"/providers/Microsoft.PowerApps/apis/shared_sharepointonline","connectionName":"shared_sharepointonline","operationId":"HttpRequest"},"parameters":{"dataset":"@variables('varSitePrefix')","parameters/method":"POST","parameters/uri":"_api/lists/getbytitle('BAR_Buildings')/fields","parameters/headers":{"Accept":"application/json;odata=verbose","Content-Type":"application/json;odata=verbose"},"parameters/body":"{\n    '__metadata': {'type':'SP.FieldNumber'},\n    'FieldTypeKind':9,\n     \"EnforceUniqueValues\":false,\n     \"Required\":false,\n    'Title': 'MaxOccupancy',\n    'DefaultValue':'0'   \n}"},"authentication":{"value":"@json(decodeBase64(triggerOutputs().headers['X-MS-APIM-Tokens']))['$ConnectionKey']","type":"Raw"}}},"Add_MaxOccupancy_to_Default_View":{"runAfter":{"BUILDINGS_-_MaxOccupancy":["Succeeded"]},"type":"OpenApiConnection","inputs":{"host":{"apiId":"/providers/Microsoft.PowerApps/apis/shared_sharepointonline","connectionName":"shared_sharepointonline","operationId":"HttpRequest"},"parameters":{"dataset":"@variables('varSitePrefix')","parameters/method":"POST","parameters/uri":"_api/web/lists/GetByTitle('BAR_Buildings')/views/getbytitle('All Items')/ViewFields/AddViewField('MaxOccupancy')","parameters/headers":{"accept":"application/json;odata=verbose","content-Type":"application/json;odata=verbose"}},"authentication":{"value":"@json(decodeBase64(triggerOutputs().headers['X-MS-APIM-Tokens']))['$ConnectionKey']","type":"Raw"}}},"BUILDINGS_OnsiteAccessInstructions":{"runAfter":{"Add_MaxOccupancy_to_Default_View":["Succeeded"]},"type":"OpenApiConnection","inputs":{"host":{"apiId":"/providers/Microsoft.PowerApps/apis/shared_sharepointonline","connectionName":"shared_sharepointonline","operationId":"HttpRequest"},"parameters":{"dataset":"@variables('varSitePrefix')","parameters/method":"POST","parameters/uri":"_api/lists/getbytitle('BAR_Buildings')/fields","parameters/headers":{"Accept":"application/json;odata=verbose","Content-Type":"application/json;odata=verbose"},"parameters/body":"{\n    '__metadata': {'type':'SP.Field'},\n    'FieldTypeKind': 3,\n    'Title': 'OnsiteAccessInstructions'\n}"},"authentication":{"value":"@json(decodeBase64(triggerOutputs().headers['X-MS-APIM-Tokens']))['$ConnectionKey']","type":"Raw"}}},"Add_OnsiteAccessInstructions_to_Default_View":{"runAfter":{"BUILDINGS_OnsiteAccessInstructions":["Succeeded"]},"type":"OpenApiConnection","inputs":{"host":{"apiId":"/providers/Microsoft.PowerApps/apis/shared_sharepointonline","connectionName":"shared_sharepointonline","operationId":"HttpRequest"},"parameters":{"dataset":"@variables('varSitePrefix')","parameters/method":"POST","parameters/uri":"_api/web/lists/GetByTitle('BAR_Buildings')/views/getbytitle('All Items')/ViewFields/AddViewField('OnsiteAccessInstructions')","parameters/headers":{"accept":"application/json;odata=verbose","content-Type":"application/json;odata=verbose"}},"authentication":{"value":"@json(decodeBase64(triggerOutputs().headers['X-MS-APIM-Tokens']))['$ConnectionKey']","type":"Raw"}}},"BUILDINGS_KeyEligibilityCriteria":{"runAfter":{"Add_OnsiteAccessInstructions_to_Default_View":["Succeeded"]},"type":"OpenApiConnection","inputs":{"host":{"apiId":"/providers/Microsoft.PowerApps/apis/shared_sharepointonline","connectionName":"shared_sharepointonline","operationId":"HttpRequest"},"parameters":{"dataset":"@variables('varSitePrefix')","parameters/method":"POST","parameters/uri":"_api/lists/getbytitle('BAR_Buildings')/fields","parameters/headers":{"Accept":"application/json;odata=verbose","Content-Type":"application/json;odata=verbose"},"parameters/body":"{\n    '__metadata': {'type':'SP.Field'},\n    'FieldTypeKind': 3,\n    'Title': 'KeyEligibilityCriteria'\n}"},"authentication":{"value":"@json(decodeBase64(triggerOutputs().headers['X-MS-APIM-Tokens']))['$ConnectionKey']","type":"Raw"}}},"Add_KeyEligibilityCriteria_to_Default_View":{"runAfter":{"BUILDINGS_KeyEligibilityCriteria":["Succeeded"]},"type":"OpenApiConnection","inputs":{"host":{"apiId":"/providers/Microsoft.PowerApps/apis/shared_sharepointonline","connectionName":"shared_sharepointonline","operationId":"HttpRequest"},"parameters":{"dataset":"@variables('varSitePrefix')","parameters/method":"POST","parameters/uri":"_api/web/lists/GetByTitle('BAR_Buildings')/views/getbytitle('All Items')/ViewFields/AddViewField('KeyEligibilityCriteria')","parameters/headers":{"accept":"application/json;odata=verbose","content-Type":"application/json;odata=verbose"}},"authentication":{"value":"@json(decodeBase64(triggerOutputs().headers['X-MS-APIM-Tokens']))['$ConnectionKey']","type":"Raw"}}},"BUILDINGS_Status":{"runAfter":{"Add_KeyEligibilityCriteria_to_Default_View":["Succeeded"]},"type":"OpenApiConnection","inputs":{"host":{"apiId":"/providers/Microsoft.PowerApps/apis/shared_sharepointonline","connectionName":"shared_sharepointonline","operationId":"HttpRequest"},"parameters":{"dataset":"@variables('varSitePrefix')","parameters/method":"POST","parameters/uri":"_api/lists/getbytitle('BAR_Buildings')/fields","parameters/headers":{"Accept":"application/json;odata=verbose","Content-Type":"application/json;odata=verbose"},"parameters/body":"{ '__metadata':\n    { 'type': 'SP.FieldChoice'},\n    'Title': 'Status',\n    'FieldTypeKind': 6,\n    'Required': 'false',\n    'Choices': { 'results': ['Draft', 'Published' ] },\n    'DefaultValue': 'Draft'\n}"},"authentication":{"value":"@json(decodeBase64(triggerOutputs().headers['X-MS-APIM-Tokens']))['$ConnectionKey']","type":"Raw"}}},"Add_Status_to_Default_View":{"runAfter":{"BUILDINGS_Status":["Succeeded"]},"type":"OpenApiConnection","inputs":{"host":{"apiId":"/providers/Microsoft.PowerApps/apis/shared_sharepointonline","connectionName":"shared_sharepointonline","operationId":"HttpRequest"},"parameters":{"dataset":"@variables('varSitePrefix')","parameters/method":"POST","parameters/uri":"_api/web/lists/GetByTitle('BAR_Buildings')/views/getbytitle('All Items')/ViewFields/AddViewField('Status')","parameters/headers":{"accept":"application/json;odata=verbose","content-Type":"application/json;odata=verbose"}},"authentication":{"value":"@json(decodeBase64(triggerOutputs().headers['X-MS-APIM-Tokens']))['$ConnectionKey']","type":"Raw"}}},"BUILDINGS_BuildingType":{"runAfter":{"Add_Status_to_Default_View":["Succeeded"]},"type":"OpenApiConnection","inputs":{"host":{"apiId":"/providers/Microsoft.PowerApps/apis/shared_sharepointonline","connectionName":"shared_sharepointonline","operationId":"HttpRequest"},"parameters":{"dataset":"@variables('varSitePrefix')","parameters/method":"POST","parameters/uri":"_api/lists/getbytitle('BAR_Buildings')/fields","parameters/headers":{"Accept":"application/json;odata=verbose","Content-Type":"application/json;odata=verbose"},"parameters/body":"{ '__metadata':\n    { 'type': 'SP.FieldChoice'},\n    'Title': 'Building Type',\n    'FieldTypeKind': 6,\n    'Required': 'false',\n    'Choices': { 'results': ['Unmonitored', 'Monitored' ] },\n    'DefaultValue': 'Unmonitored'\n}"},"authentication":{"value":"@json(decodeBase64(triggerOutputs().headers['X-MS-APIM-Tokens']))['$ConnectionKey']","type":"Raw"}}},"Add_BuildingType_to_Default_View":{"runAfter":{"BUILDINGS_BuildingType":["Succeeded"]},"type":"OpenApiConnection","inputs":{"host":{"apiId":"/providers/Microsoft.PowerApps/apis/shared_sharepointonline","connectionName":"shared_sharepointonline","operationId":"HttpRequest"},"parameters":{"dataset":"@variables('varSitePrefix')","parameters/method":"POST","parameters/uri":"_api/web/lists/GetByTitle('BAR_Buildings')/views/getbytitle('All Items')/ViewFields/AddViewField('Building Type')","parameters/headers":{"accept":"application/json;odata=verbose","content-Type":"application/json;odata=verbose"}},"authentication":{"value":"@json(decodeBase64(triggerOutputs().headers['X-MS-APIM-Tokens']))['$ConnectionKey']","type":"Raw"}}}},"runAfter":{"Scope_-_Admin_List":["Succeeded"]},"type":"Scope"},"Scope_-_SafetyPrecautions":{"actions":{"Send_an_HTTP_request_to_SharePoint_SafetyPrecautions":{"runAfter":{},"type":"OpenApiConnection","inputs":{"host":{"apiId":"/providers/Microsoft.PowerApps/apis/shared_sharepointonline","connectionName":"shared_sharepointonline","operationId":"HttpRequest"},"parameters":{"dataset":"@variables('varSitePrefix')","parameters/method":"POST","parameters/uri":"/_api/web/lists","parameters/headers":{"Accept":"application/json;odata=verbose","Content-Type":"application/json;odata=verbose"},"parameters/body":"{\n  \"__metadata\": {\"type\": \"SP.List\"},\n  \"AllowContentTypes\": true,\n  \"BaseTemplate\": 100,\n \"Description\": \"Building List for @{variables('varAppName')}.\",\n \"Title\": \"BAR_SafetyPrecautions\"\n}"},"authentication":{"value":"@json(decodeBase64(triggerOutputs().headers['X-MS-APIM-Tokens']))['$ConnectionKey']","type":"Raw"}}},"Add_SafetyPrecautions_Country_to_Default_View":{"runAfter":{"SafetyPrecautions_-_Country":["Succeeded"]},"type":"OpenApiConnection","inputs":{"host":{"apiId":"/providers/Microsoft.PowerApps/apis/shared_sharepointonline","connectionName":"shared_sharepointonline","operationId":"HttpRequest"},"parameters":{"dataset":"@variables('varSitePrefix')","parameters/method":"POST","parameters/uri":"_api/web/lists/GetByTitle('BAR_SafetyPrecautions')/views/getbytitle('All Items')/ViewFields/AddViewField('Country')","parameters/headers":{"accept":"application/json;odata=verbose","content-Type":"application/json;odata=verbose"}},"authentication":{"value":"@json(decodeBase64(triggerOutputs().headers['X-MS-APIM-Tokens']))['$ConnectionKey']","type":"Raw"}}},"SafetyPrecautions_-_Country":{"runAfter":{"Send_an_HTTP_request_to_SharePoint_SafetyPrecautions":["Succeeded"]},"type":"OpenApiConnection","inputs":{"host":{"apiId":"/providers/Microsoft.PowerApps/apis/shared_sharepointonline","connectionName":"shared_sharepointonline","operationId":"HttpRequest"},"parameters":{"dataset":"@variables('varSitePrefix')","parameters/method":"POST","parameters/uri":"_api/lists/getbytitle('BAR_SafetyPrecautions')/fields","parameters/headers":{"Accept":"application/json;odata=verbose","Content-Type":"application/json;odata=verbose"},"parameters/body":"{\n    '__metadata': {'type':'SP.FieldText'},\n    'FieldTypeKind': 2,\n    'Title': 'Country'\n}"},"authentication":{"value":"@json(decodeBase64(triggerOutputs().headers['X-MS-APIM-Tokens']))['$ConnectionKey']","type":"Raw"}}},"SafetyPrecautions_-_CountryID":{"runAfter":{"Add_SafetyPrecautions_ResourceURL_to_Default_View":["Succeeded"]},"type":"OpenApiConnection","inputs":{"host":{"apiId":"/providers/Microsoft.PowerApps/apis/shared_sharepointonline","connectionName":"shared_sharepointonline","operationId":"HttpRequest"},"parameters":{"dataset":"@variables('varSitePrefix')","parameters/method":"POST","parameters/uri":"_api/lists/getbytitle('BAR_SafetyPrecautions')/fields","parameters/headers":{"Accept":"application/json;odata=verbose","Content-Type":"application/json;odata=verbose"},"parameters/body":"{\n    '__metadata': {'type':'SP.FieldNumber'},\n    'FieldTypeKind':9,\n     \"EnforceUniqueValues\":false,\n     \"Required\":false,\n    'Title': 'CountryID' \n}"},"authentication":{"value":"@json(decodeBase64(triggerOutputs().headers['X-MS-APIM-Tokens']))['$ConnectionKey']","type":"Raw"}}},"Add_CountryID_to_Default_View":{"runAfter":{"SafetyPrecautions_-_CountryID":["Succeeded"]},"type":"OpenApiConnection","inputs":{"host":{"apiId":"/providers/Microsoft.PowerApps/apis/shared_sharepointonline","connectionName":"shared_sharepointonline","operationId":"HttpRequest"},"parameters":{"dataset":"@variables('varSitePrefix')","parameters/method":"POST","parameters/uri":"_api/web/lists/GetByTitle('BAR_SafetyPrecautions')/views/getbytitle('All Items')/ViewFields/AddViewField('CountryID')","parameters/headers":{"accept":"application/json;odata=verbose","content-Type":"application/json;odata=verbose"}},"authentication":{"value":"@json(decodeBase64(triggerOutputs().headers['X-MS-APIM-Tokens']))['$ConnectionKey']","type":"Raw"}}},"SafetyPrecautions_-_ResourceURL":{"runAfter":{"Add_SafetyPrecautions_Country_to_Default_View":["Succeeded"]},"type":"OpenApiConnection","inputs":{"host":{"apiId":"/providers/Microsoft.PowerApps/apis/shared_sharepointonline","connectionName":"shared_sharepointonline","operationId":"HttpRequest"},"parameters":{"dataset":"@variables('varSitePrefix')","parameters/method":"POST","parameters/uri":"_api/lists/getbytitle('BAR_SafetyPrecautions')/fields","parameters/headers":{"Accept":"application/json;odata=verbose","Content-Type":"application/json;odata=verbose"},"parameters/body":"{\n    '__metadata': {'type':'SP.FieldText'},\n    'FieldTypeKind': 2,\n    'Title': 'ResourceURL'\n}"},"authentication":{"value":"@json(decodeBase64(triggerOutputs().headers['X-MS-APIM-Tokens']))['$ConnectionKey']","type":"Raw"}}},"Add_SafetyPrecautions_ResourceURL_to_Default_View":{"runAfter":{"SafetyPrecautions_-_ResourceURL":["Succeeded"]},"type":"OpenApiConnection","inputs":{"host":{"apiId":"/providers/Microsoft.PowerApps/apis/shared_sharepointonline","connectionName":"shared_sharepointonline","operationId":"HttpRequest"},"parameters":{"dataset":"@variables('varSitePrefix')","parameters/method":"POST","parameters/uri":"_api/web/lists/GetByTitle('BAR_SafetyPrecautions')/views/getbytitle('All Items')/ViewFields/AddViewField('ResourceURL')","parameters/headers":{"accept":"application/json;odata=verbose","content-Type":"application/json;odata=verbose"}},"authentication":{"value":"@json(decodeBase64(triggerOutputs().headers['X-MS-APIM-Tokens']))['$ConnectionKey']","type":"Raw"}}},"SafetyPrecautions-_Description":{"runAfter":{"Add_CountryID_to_Default_View":["Succeeded"]},"type":"OpenApiConnection","inputs":{"host":{"apiId":"/providers/Microsoft.PowerApps/apis/shared_sharepointonline","connectionName":"shared_sharepointonline","operationId":"HttpRequest"},"parameters":{"dataset":"@variables('varSitePrefix')","parameters/method":"POST","parameters/uri":"_api/lists/getbytitle('BAR_SafetyPrecautions')/fields","parameters/headers":{"Accept":"application/json;odata=verbose","Content-Type":"application/json;odata=verbose"},"parameters/body":"{\n    '__metadata': {'type':'SP.Field'},\n    'FieldTypeKind': 3,\n    'Title': 'Description'\n}"},"authentication":{"value":"@json(decodeBase64(triggerOutputs().headers['X-MS-APIM-Tokens']))['$ConnectionKey']","type":"Raw"}}},"Add_SafetyPrecautions_Description_to_Default_View":{"runAfter":{"SafetyPrecautions-_Description":["Succeeded"]},"type":"OpenApiConnection","inputs":{"host":{"apiId":"/providers/Microsoft.PowerApps/apis/shared_sharepointonline","connectionName":"shared_sharepointonline","operationId":"HttpRequest"},"parameters":{"dataset":"@variables('varSitePrefix')","parameters/method":"POST","parameters/uri":"_api/web/lists/GetByTitle('BAR_SafetyPrecautions')/views/getbytitle('All Items')/ViewFields/AddViewField('Description')","parameters/headers":{"accept":"application/json;odata=verbose","content-Type":"application/json;odata=verbose"}},"authentication":{"value":"@json(decodeBase64(triggerOutputs().headers['X-MS-APIM-Tokens']))['$ConnectionKey']","type":"Raw"}}},"SafetyPrecautions-_Status":{"runAfter":{"Add_SafetyPrecautions_Description_to_Default_View":["Succeeded"]},"type":"OpenApiConnection","inputs":{"host":{"apiId":"/providers/Microsoft.PowerApps/apis/shared_sharepointonline","connectionName":"shared_sharepointonline","operationId":"HttpRequest"},"parameters":{"dataset":"@variables('varSitePrefix')","parameters/method":"POST","parameters/uri":"_api/lists/getbytitle('BAR_SafetyPrecautions')/fields","parameters/headers":{"Accept":"application/json;odata=verbose","Content-Type":"application/json;odata=verbose"},"parameters/body":"{ '__metadata':\n    { 'type': 'SP.FieldChoice'},\n    'Title': 'Status',\n    'FieldTypeKind': 6,\n    'Required': 'false',\n    'Choices': { 'results': ['Draft', 'Published' ] },\n    'DefaultValue': 'Draft'\n}"},"authentication":{"value":"@json(decodeBase64(triggerOutputs().headers['X-MS-APIM-Tokens']))['$ConnectionKey']","type":"Raw"}}},"Add_SafetyPrecautions_Status_to_Default_View":{"runAfter":{"SafetyPrecautions-_Status":["Succeeded"]},"type":"OpenApiConnection","inputs":{"host":{"apiId":"/providers/Microsoft.PowerApps/apis/shared_sharepointonline","connectionName":"shared_sharepointonline","operationId":"HttpRequest"},"parameters":{"dataset":"@variables('varSitePrefix')","parameters/method":"POST","parameters/uri":"_api/web/lists/GetByTitle('BAR_SafetyPrecautions')/views/getbytitle('All Items')/ViewFields/AddViewField('Status')","parameters/headers":{"accept":"application/json;odata=verbose","content-Type":"application/json;odata=verbose"}},"authentication":{"value":"@json(decodeBase64(triggerOutputs().headers['X-MS-APIM-Tokens']))['$ConnectionKey']","type":"Raw"}}},"SafetyPrecautions-_Severity":{"runAfter":{"Add_SafetyPrecautions_Status_to_Default_View":["Succeeded"]},"type":"OpenApiConnection","inputs":{"host":{"apiId":"/providers/Microsoft.PowerApps/apis/shared_sharepointonline","connectionName":"shared_sharepointonline","operationId":"HttpRequest"},"parameters":{"dataset":"@variables('varSitePrefix')","parameters/method":"POST","parameters/uri":"_api/lists/getbytitle('BAR_SafetyPrecautions')/fields","parameters/headers":{"Accept":"application/json;odata=verbose","Content-Type":"application/json;odata=verbose"},"parameters/body":"{ '__metadata':\n    { 'type': 'SP.FieldChoice'},\n    'Title': 'Severity',\n    'FieldTypeKind': 6,\n    'Required': 'false',\n    'Choices': { 'results': ['High', 'Medium','Low' ] }\n}"},"authentication":{"value":"@json(decodeBase64(triggerOutputs().headers['X-MS-APIM-Tokens']))['$ConnectionKey']","type":"Raw"}}},"Add_SafetyPrecautions_Severity_to_Default_View":{"runAfter":{"SafetyPrecautions-_Severity":["Succeeded"]},"type":"OpenApiConnection","inputs":{"host":{"apiId":"/providers/Microsoft.PowerApps/apis/shared_sharepointonline","connectionName":"shared_sharepointonline","operationId":"HttpRequest"},"parameters":{"dataset":"@variables('varSitePrefix')","parameters/method":"POST","parameters/uri":"_api/web/lists/GetByTitle('BAR_SafetyPrecautions')/views/getbytitle('All Items')/ViewFields/AddViewField('Severity')","parameters/headers":{"accept":"application/json;odata=verbose","content-Type":"application/json;odata=verbose"}},"authentication":{"value":"@json(decodeBase64(triggerOutputs().headers['X-MS-APIM-Tokens']))['$ConnectionKey']","type":"Raw"}}}},"runAfter":{"Scope_-_Buildings":["Succeeded"]},"type":"Scope"},"Scope_-_Key_Questions":{"actions":{"Send_an_HTTP_request_to_SharePoint_Key_Questions":{"runAfter":{},"type":"OpenApiConnection","inputs":{"host":{"apiId":"/providers/Microsoft.PowerApps/apis/shared_sharepointonline","connectionName":"shared_sharepointonline","operationId":"HttpRequest"},"parameters":{"dataset":"@variables('varSitePrefix')","parameters/method":"POST","parameters/uri":"/_api/web/lists","parameters/headers":{"Accept":"application/json;odata=verbose","Content-Type":"application/json;odata=verbose"},"parameters/body":"{\n  \"__metadata\": {\"type\": \"SP.List\"},\n  \"AllowContentTypes\": true,\n  \"BaseTemplate\": 100,\n \"Description\": \"Key Questions for @{variables('varAppName')}. \",\n \"Title\": \"BAR_KeyQuestions\"\n}"},"authentication":{"value":"@json(decodeBase64(triggerOutputs().headers['X-MS-APIM-Tokens']))['$ConnectionKey']","type":"Raw"}}},"KeyQuestions_State":{"runAfter":{"Send_an_HTTP_request_to_SharePoint_Key_Questions":["Succeeded"]},"type":"OpenApiConnection","inputs":{"host":{"apiId":"/providers/Microsoft.PowerApps/apis/shared_sharepointonline","connectionName":"shared_sharepointonline","operationId":"HttpRequest"},"parameters":{"dataset":"@variables('varSitePrefix')","parameters/method":"POST","parameters/uri":"_api/lists/getbytitle('BAR_KeyQuestions')/fields","parameters/headers":{"Accept":"application/json;odata=verbose","Content-Type":"application/json;odata=verbose"},"parameters/body":"{ '__metadata':\n    { 'type': 'SP.FieldChoice'},\n    'Title': 'State',\n    'FieldTypeKind': 6,\n    'Required': 'false',\n    'Choices': { 'results': ['Draft', 'Published' ] },\n    'DefaultValue': 'Draft'\n}"},"authentication":{"value":"@json(decodeBase64(triggerOutputs().headers['X-MS-APIM-Tokens']))['$ConnectionKey']","type":"Raw"}}},"Add_State_to_Default_View":{"runAfter":{"KeyQuestions_State":["Succeeded"]},"type":"OpenApiConnection","inputs":{"host":{"apiId":"/providers/Microsoft.PowerApps/apis/shared_sharepointonline","connectionName":"shared_sharepointonline","operationId":"HttpRequest"},"parameters":{"dataset":"@variables('varSitePrefix')","parameters/method":"POST","parameters/uri":"_api/web/lists/GetByTitle('BAR_KeyQuestions')/views/getbytitle('All Items')/ViewFields/AddViewField('State')","parameters/headers":{"accept":"application/json;odata=verbose","content-Type":"application/json;odata=verbose"}},"authentication":{"value":"@json(decodeBase64(triggerOutputs().headers['X-MS-APIM-Tokens']))['$ConnectionKey']","type":"Raw"}}}},"runAfter":{"Scope_-_SafetyPrecautions":["Succeeded"]},"type":"Scope"},"Scope_-_Requests":{"actions":{"Send_an_HTTP_request_to_SharePoint_Requests":{"runAfter":{},"type":"OpenApiConnection","inputs":{"host":{"apiId":"/providers/Microsoft.PowerApps/apis/shared_sharepointonline","connectionName":"shared_sharepointonline","operationId":"HttpRequest"},"parameters":{"dataset":"@variables('varSitePrefix')","parameters/method":"POST","parameters/uri":"/_api/web/lists","parameters/headers":{"Accept":"application/json;odata=verbose","Content-Type":"application/json;odata=verbose"},"parameters/body":"{\n  \"__metadata\": {\"type\": \"SP.List\"},\n  \"AllowContentTypes\": true,\n  \"BaseTemplate\": 100,\n \"Description\": \"Request list for @{variables('varAppName')}.\",\n \"Title\": \"BAR_Requests\"\n}"},"authentication":{"value":"@json(decodeBase64(triggerOutputs().headers['X-MS-APIM-Tokens']))['$ConnectionKey']","type":"Raw"}}},"Add_Space_Name_to_Default_View":{"runAfter":{"Requests_Space_Name":["Succeeded"]},"type":"OpenApiConnection","inputs":{"host":{"apiId":"/providers/Microsoft.PowerApps/apis/shared_sharepointonline","connectionName":"shared_sharepointonline","operationId":"HttpRequest"},"parameters":{"dataset":"@variables('varSitePrefix')","parameters/method":"POST","parameters/uri":"_api/web/lists/GetByTitle('BAR_Requests')/views/getbytitle('All Items')/ViewFields/AddViewField('SpaceName')","parameters/headers":{"accept":"application/json;odata=verbose","content-Type":"application/json;odata=verbose"}},"authentication":{"value":"@json(decodeBase64(triggerOutputs().headers['X-MS-APIM-Tokens']))['$ConnectionKey']","type":"Raw"}}},"Requests_Request_Collection_ID":{"runAfter":{"Send_an_HTTP_request_to_SharePoint_Requests":["Succeeded"]},"type":"OpenApiConnection","inputs":{"host":{"apiId":"/providers/Microsoft.PowerApps/apis/shared_sharepointonline","connectionName":"shared_sharepointonline","operationId":"HttpRequest"},"parameters":{"dataset":"@variables('varSitePrefix')","parameters/method":"POST","parameters/uri":"_api/lists/getbytitle('BAR_Requests')/fields","parameters/headers":{"Accept":"application/json;odata=verbose","Content-Type":"application/json;odata=verbose"},"parameters/body":"{\n    '__metadata': {'type':'SP.FieldText'},\n    'FieldTypeKind': 2,\n    'Title': 'Request Collection ID'\n}"},"authentication":{"value":"@json(decodeBase64(triggerOutputs().headers['X-MS-APIM-Tokens']))['$ConnectionKey']","type":"Raw"}}},"Add_Request_Collection_ID_to_Default_View":{"runAfter":{"Requests_Request_Collection_ID":["Succeeded"]},"type":"OpenApiConnection","inputs":{"host":{"apiId":"/providers/Microsoft.PowerApps/apis/shared_sharepointonline","connectionName":"shared_sharepointonline","operationId":"HttpRequest"},"parameters":{"dataset":"@variables('varSitePrefix')","parameters/method":"POST","parameters/uri":"_api/web/lists/GetByTitle('BAR_Requests')/views/getbytitle('All Items')/ViewFields/AddViewField('Request Collection ID')","parameters/headers":{"accept":"application/json;odata=verbose","content-Type":"application/json;odata=verbose"}},"authentication":{"value":"@json(decodeBase64(triggerOutputs().headers['X-MS-APIM-Tokens']))['$ConnectionKey']","type":"Raw"}}},"Requests_Space_Name":{"runAfter":{"Add_Request_Collection_ID_to_Default_View":["Succeeded"]},"type":"OpenApiConnection","inputs":{"host":{"apiId":"/providers/Microsoft.PowerApps/apis/shared_sharepointonline","connectionName":"shared_sharepointonline","operationId":"HttpRequest"},"parameters":{"dataset":"@variables('varSitePrefix')","parameters/method":"POST","parameters/uri":"_api/lists/getbytitle('BAR_Requests')/fields","parameters/headers":{"Accept":"application/json;odata=verbose","Content-Type":"application/json;odata=verbose"},"parameters/body":"{\n    '__metadata': {'type':'SP.FieldText'},\n    'FieldTypeKind': 2,\n    'Title': 'SpaceName'\n}"},"authentication":{"value":"@json(decodeBase64(triggerOutputs().headers['X-MS-APIM-Tokens']))['$ConnectionKey']","type":"Raw"}}},"Requests_Access_Key":{"runAfter":{"Add_Space_Name_to_Default_View":["Succeeded"]},"type":"OpenApiConnection","inputs":{"host":{"apiId":"/providers/Microsoft.PowerApps/apis/shared_sharepointonline","connectionName":"shared_sharepointonline","operationId":"HttpRequest"},"parameters":{"dataset":"@variables('varSitePrefix')","parameters/method":"POST","parameters/uri":"_api/lists/getbytitle('BAR_Requests')/fields","parameters/headers":{"Accept":"application/json;odata=verbose","Content-Type":"application/json;odata=verbose"},"parameters/body":"{\n    '__metadata': {'type':'SP.FieldText'},\n    'FieldTypeKind': 2,\n    'Title': 'AccessKey',\n    'Indexed':true\n}"},"authentication":{"value":"@json(decodeBase64(triggerOutputs().headers['X-MS-APIM-Tokens']))['$ConnectionKey']","type":"Raw"}}},"Add_Access_Key_to_Default_View":{"runAfter":{"Requests_Access_Key":["Succeeded"]},"type":"OpenApiConnection","inputs":{"host":{"apiId":"/providers/Microsoft.PowerApps/apis/shared_sharepointonline","connectionName":"shared_sharepointonline","operationId":"HttpRequest"},"parameters":{"dataset":"@variables('varSitePrefix')","parameters/method":"POST","parameters/uri":"_api/web/lists/GetByTitle('BAR_Requests')/views/getbytitle('All Items')/ViewFields/AddViewField('AccessKey')","parameters/headers":{"accept":"application/json;odata=verbose","content-Type":"application/json;odata=verbose"}},"authentication":{"value":"@json(decodeBase64(triggerOutputs().headers['X-MS-APIM-Tokens']))['$ConnectionKey']","type":"Raw"}}},"Requests_RequestorNameText":{"runAfter":{"Add_Access_Key_to_Default_View":["Succeeded"]},"type":"OpenApiConnection","inputs":{"host":{"apiId":"/providers/Microsoft.PowerApps/apis/shared_sharepointonline","connectionName":"shared_sharepointonline","operationId":"HttpRequest"},"parameters":{"dataset":"@variables('varSitePrefix')","parameters/method":"POST","parameters/uri":"_api/lists/getbytitle('BAR_Requests')/fields","parameters/headers":{"Accept":"application/json;odata=verbose","Content-Type":"application/json;odata=verbose"},"parameters/body":"{\n    '__metadata': {'type':'SP.FieldText'},\n    'FieldTypeKind': 2,\n    'Title': 'RequestorNameText'\n}"},"authentication":{"value":"@json(decodeBase64(triggerOutputs().headers['X-MS-APIM-Tokens']))['$ConnectionKey']","type":"Raw"}}},"Add_RequestorNameText_to_Default_View":{"runAfter":{"Requests_RequestorNameText":["Succeeded"]},"type":"OpenApiConnection","inputs":{"host":{"apiId":"/providers/Microsoft.PowerApps/apis/shared_sharepointonline","connectionName":"shared_sharepointonline","operationId":"HttpRequest"},"parameters":{"dataset":"@variables('varSitePrefix')","parameters/method":"POST","parameters/uri":"_api/web/lists/GetByTitle('BAR_Requests')/views/getbytitle('All Items')/ViewFields/AddViewField('RequestorNameText')","parameters/headers":{"accept":"application/json;odata=verbose","content-Type":"application/json;odata=verbose"}},"authentication":{"value":"@json(decodeBase64(triggerOutputs().headers['X-MS-APIM-Tokens']))['$ConnectionKey']","type":"Raw"}}},"Requests_ApproverNameText":{"runAfter":{"Add_RequestorNameText_to_Default_View":["Succeeded"]},"type":"OpenApiConnection","inputs":{"host":{"apiId":"/providers/Microsoft.PowerApps/apis/shared_sharepointonline","connectionName":"shared_sharepointonline","operationId":"HttpRequest"},"parameters":{"dataset":"@variables('varSitePrefix')","parameters/method":"POST","parameters/uri":"_api/lists/getbytitle('BAR_Requests')/fields","parameters/headers":{"Accept":"application/json;odata=verbose","Content-Type":"application/json;odata=verbose"},"parameters/body":"{\n    '__metadata': {'type':'SP.FieldText'},\n    'FieldTypeKind': 2,\n    'Title': 'ApproverNameText'\n}"},"authentication":{"value":"@json(decodeBase64(triggerOutputs().headers['X-MS-APIM-Tokens']))['$ConnectionKey']","type":"Raw"}}},"Add_ApproverNameText_to_Default_View":{"runAfter":{"Requests_ApproverNameText":["Succeeded"]},"type":"OpenApiConnection","inputs":{"host":{"apiId":"/providers/Microsoft.PowerApps/apis/shared_sharepointonline","connectionName":"shared_sharepointonline","operationId":"HttpRequest"},"parameters":{"dataset":"@variables('varSitePrefix')","parameters/method":"POST","parameters/uri":"_api/web/lists/GetByTitle('BAR_Requests')/views/getbytitle('All Items')/ViewFields/AddViewField('ApproverNameText')","parameters/headers":{"accept":"application/json;odata=verbose","content-Type":"application/json;odata=verbose"}},"authentication":{"value":"@json(decodeBase64(triggerOutputs().headers['X-MS-APIM-Tokens']))['$ConnectionKey']","type":"Raw"}}},"Requests_BuildingID":{"runAfter":{"Requests_SecurityApproverGuid":["Succeeded"]},"type":"OpenApiConnection","inputs":{"host":{"apiId":"/providers/Microsoft.PowerApps/apis/shared_sharepointonline","connectionName":"shared_sharepointonline","operationId":"HttpRequest"},"parameters":{"dataset":"@variables('varSitePrefix')","parameters/method":"POST","parameters/uri":"_api/lists/getbytitle('BAR_Requests')/fields","parameters/headers":{"Accept":"application/json;odata=verbose","Content-Type":"application/json;odata=verbose"},"parameters/body":"{\n    '__metadata': {'type':'SP.FieldNumber'},\n    'FieldTypeKind':9,\n      \"EnforceUniqueValues\":false,\n      \"Required\":false,\n    'Title': 'BuildingID',\n      'Indexed':true\n}"},"authentication":{"value":"@json(decodeBase64(triggerOutputs().headers['X-MS-APIM-Tokens']))['$ConnectionKey']","type":"Raw"}}},"Add_BuildingID_to_Default_View":{"runAfter":{"Requests_BuildingID":["Succeeded"]},"type":"OpenApiConnection","inputs":{"host":{"apiId":"/providers/Microsoft.PowerApps/apis/shared_sharepointonline","connectionName":"shared_sharepointonline","operationId":"HttpRequest"},"parameters":{"dataset":"@variables('varSitePrefix')","parameters/method":"POST","parameters/uri":"_api/web/lists/GetByTitle('BAR_Requests')/views/getbytitle('All Items')/ViewFields/AddViewField('BuildingID')","parameters/headers":{"accept":"application/json;odata=verbose","content-Type":"application/json;odata=verbose"}},"authentication":{"value":"@json(decodeBase64(triggerOutputs().headers['X-MS-APIM-Tokens']))['$ConnectionKey']","type":"Raw"}}},"Requests_RequestReason":{"runAfter":{"Add_Active_to_Default_View":["Succeeded"]},"type":"OpenApiConnection","inputs":{"host":{"apiId":"/providers/Microsoft.PowerApps/apis/shared_sharepointonline","connectionName":"shared_sharepointonline","operationId":"HttpRequest"},"parameters":{"dataset":"@variables('varSitePrefix')","parameters/method":"POST","parameters/uri":"_api/lists/getbytitle('BAR_Requests')/fields","parameters/headers":{"Accept":"application/json;odata=verbose","Content-Type":"application/json;odata=verbose"},"parameters/body":"{\n    '__metadata': {'type':'SP.Field'},\n    'FieldTypeKind': 3,\n    'Title': 'RequestReason'\n}"},"authentication":{"value":"@json(decodeBase64(triggerOutputs().headers['X-MS-APIM-Tokens']))['$ConnectionKey']","type":"Raw"}}},"Add_RequestReason_to_Default_View":{"runAfter":{"Requests_RequestReason":["Succeeded"]},"type":"OpenApiConnection","inputs":{"host":{"apiId":"/providers/Microsoft.PowerApps/apis/shared_sharepointonline","connectionName":"shared_sharepointonline","operationId":"HttpRequest"},"parameters":{"dataset":"@variables('varSitePrefix')","parameters/method":"POST","parameters/uri":"_api/web/lists/GetByTitle('BAR_Requests')/views/getbytitle('All Items')/ViewFields/AddViewField('RequestReason')","parameters/headers":{"accept":"application/json;odata=verbose","content-Type":"application/json;odata=verbose"}},"authentication":{"value":"@json(decodeBase64(triggerOutputs().headers['X-MS-APIM-Tokens']))['$ConnectionKey']","type":"Raw"}}},"Requests_FloorID":{"runAfter":{"Add_BuildingID_to_Default_View":["Succeeded"]},"type":"OpenApiConnection","inputs":{"host":{"apiId":"/providers/Microsoft.PowerApps/apis/shared_sharepointonline","connectionName":"shared_sharepointonline","operationId":"HttpRequest"},"parameters":{"dataset":"@variables('varSitePrefix')","parameters/method":"POST","parameters/uri":"_api/lists/getbytitle('BAR_Requests')/fields","parameters/headers":{"Accept":"application/json;odata=verbose","Content-Type":"application/json;odata=verbose"},"parameters/body":"{\n    '__metadata': {'type':'SP.FieldNumber'},\n    'FieldTypeKind':9,\n      \"EnforceUniqueValues\":false,\n      \"Required\":false,\n    'Title': 'FloorID'\n}"},"authentication":{"value":"@json(decodeBase64(triggerOutputs().headers['X-MS-APIM-Tokens']))['$ConnectionKey']","type":"Raw"}}},"Add_FloorID_to_Default_View":{"runAfter":{"Requests_FloorID":["Succeeded"]},"type":"OpenApiConnection","inputs":{"host":{"apiId":"/providers/Microsoft.PowerApps/apis/shared_sharepointonline","connectionName":"shared_sharepointonline","operationId":"HttpRequest"},"parameters":{"dataset":"@variables('varSitePrefix')","parameters/method":"POST","parameters/uri":"_api/web/lists/GetByTitle('BAR_Requests')/views/getbytitle('All Items')/ViewFields/AddViewField('FloorID')","parameters/headers":{"accept":"application/json;odata=verbose","content-Type":"application/json;odata=verbose"}},"authentication":{"value":"@json(decodeBase64(triggerOutputs().headers['X-MS-APIM-Tokens']))['$ConnectionKey']","type":"Raw"}}},"Requests_DateValue":{"runAfter":{"Add_FloorID_to_Default_View":["Succeeded"]},"type":"OpenApiConnection","inputs":{"host":{"apiId":"/providers/Microsoft.PowerApps/apis/shared_sharepointonline","connectionName":"shared_sharepointonline","operationId":"HttpRequest"},"parameters":{"dataset":"@variables('varSitePrefix')","parameters/method":"POST","parameters/uri":"_api/lists/getbytitle('BAR_Requests')/fields","parameters/headers":{"Accept":"application/json;odata=verbose","Content-Type":"application/json;odata=verbose"},"parameters/body":"{\n    '__metadata': {'type':'SP.FieldNumber'},\n    'FieldTypeKind':9,\n      \"EnforceUniqueValues\":false,\n      \"Required\":false,\n    'Title': 'DateValue',\n    'Indexed':true\n}"},"authentication":{"value":"@json(decodeBase64(triggerOutputs().headers['X-MS-APIM-Tokens']))['$ConnectionKey']","type":"Raw"}}},"Add_DateValue_to_Default_View":{"runAfter":{"Requests_DateValue":["Succeeded"]},"type":"OpenApiConnection","inputs":{"host":{"apiId":"/providers/Microsoft.PowerApps/apis/shared_sharepointonline","connectionName":"shared_sharepointonline","operationId":"HttpRequest"},"parameters":{"dataset":"@variables('varSitePrefix')","parameters/method":"POST","parameters/uri":"_api/web/lists/GetByTitle('BAR_Requests')/views/getbytitle('All Items')/ViewFields/AddViewField('DateValue')","parameters/headers":{"accept":"application/json;odata=verbose","content-Type":"application/json;odata=verbose"}},"authentication":{"value":"@json(decodeBase64(triggerOutputs().headers['X-MS-APIM-Tokens']))['$ConnectionKey']","type":"Raw"}}},"Requests_Active":{"runAfter":{"Add_DateValue_to_Default_View":["Succeeded"]},"type":"OpenApiConnection","inputs":{"host":{"apiId":"/providers/Microsoft.PowerApps/apis/shared_sharepointonline","connectionName":"shared_sharepointonline","operationId":"HttpRequest"},"parameters":{"dataset":"@variables('varSitePrefix')","parameters/method":"POST","parameters/uri":"_api/lists/getbytitle('BAR_Requests')/fields","parameters/headers":{"Accept":"application/json;odata=verbose","Content-Type":"application/json;odata=verbose"},"parameters/body":"{\n    '__metadata': {'type':'SP.FieldNumber'},\n    'FieldTypeKind':9,\n      \"EnforceUniqueValues\":false,\n      \"Required\":false,\n    'Title': 'Active',\n    'DefaultValue':'1',\n    'MaximumValue':1\n}"},"authentication":{"value":"@json(decodeBase64(triggerOutputs().headers['X-MS-APIM-Tokens']))['$ConnectionKey']","type":"Raw"}}},"Add_Active_to_Default_View":{"runAfter":{"Requests_Active":["Succeeded"]},"type":"OpenApiConnection","inputs":{"host":{"apiId":"/providers/Microsoft.PowerApps/apis/shared_sharepointonline","connectionName":"shared_sharepointonline","operationId":"HttpRequest"},"parameters":{"dataset":"@variables('varSitePrefix')","parameters/method":"POST","parameters/uri":"_api/web/lists/GetByTitle('BAR_Requests')/views/getbytitle('All Items')/ViewFields/AddViewField('Active')","parameters/headers":{"accept":"application/json;odata=verbose","content-Type":"application/json;odata=verbose"}},"authentication":{"value":"@json(decodeBase64(triggerOutputs().headers['X-MS-APIM-Tokens']))['$ConnectionKey']","type":"Raw"}}},"Requests_RejectionReason":{"runAfter":{"Add_RequestReason_to_Default_View":["Succeeded"]},"type":"OpenApiConnection","inputs":{"host":{"apiId":"/providers/Microsoft.PowerApps/apis/shared_sharepointonline","connectionName":"shared_sharepointonline","operationId":"HttpRequest"},"parameters":{"dataset":"@variables('varSitePrefix')","parameters/method":"POST","parameters/uri":"_api/lists/getbytitle('BAR_Requests')/fields","parameters/headers":{"Accept":"application/json;odata=verbose","Content-Type":"application/json;odata=verbose"},"parameters/body":"{\n    '__metadata': {'type':'SP.Field'},\n    'FieldTypeKind': 3,\n    'Title': 'RejectionReason'\n}"},"authentication":{"value":"@json(decodeBase64(triggerOutputs().headers['X-MS-APIM-Tokens']))['$ConnectionKey']","type":"Raw"}}},"Add_RejectionReason_to_Default_View":{"runAfter":{"Requests_RejectionReason":["Succeeded"]},"type":"OpenApiConnection","inputs":{"host":{"apiId":"/providers/Microsoft.PowerApps/apis/shared_sharepointonline","connectionName":"shared_sharepointonline","operationId":"HttpRequest"},"parameters":{"dataset":"@variables('varSitePrefix')","parameters/method":"POST","parameters/uri":"_api/web/lists/GetByTitle('BAR_Requests')/views/getbytitle('All Items')/ViewFields/AddViewField('RejectionReason')","parameters/headers":{"accept":"application/json;odata=verbose","content-Type":"application/json;odata=verbose"}},"authentication":{"value":"@json(decodeBase64(triggerOutputs().headers['X-MS-APIM-Tokens']))['$ConnectionKey']","type":"Raw"}}},"Requests_Status":{"runAfter":{"Add_RejectionReason_to_Default_View":["Succeeded"]},"type":"OpenApiConnection","inputs":{"host":{"apiId":"/providers/Microsoft.PowerApps/apis/shared_sharepointonline","connectionName":"shared_sharepointonline","operationId":"HttpRequest"},"parameters":{"dataset":"@variables('varSitePrefix')","parameters/method":"POST","parameters/uri":"_api/lists/getbytitle('BAR_Requests')/fields","parameters/headers":{"Accept":"application/json;odata=verbose","Content-Type":"application/json;odata=verbose"},"parameters/body":"{ '__metadata':\n    { 'type': 'SP.FieldChoice'},\n    'Title': 'Status',\n    'FieldTypeKind': 6,\n    'Required': 'false',\n    'Choices': { 'results': ['Pending Approval', 'Approved', 'Rejected','Withdrawn','Revoked' ] },\n    'DefaultValue': 'Pending Approval',\n    'Indexed':true\n}"},"authentication":{"value":"@json(decodeBase64(triggerOutputs().headers['X-MS-APIM-Tokens']))['$ConnectionKey']","type":"Raw"}}},"Add_Requests_Status_to_Default_View":{"runAfter":{"Requests_Status":["Succeeded"]},"type":"OpenApiConnection","inputs":{"host":{"apiId":"/providers/Microsoft.PowerApps/apis/shared_sharepointonline","connectionName":"shared_sharepointonline","operationId":"HttpRequest"},"parameters":{"dataset":"@variables('varSitePrefix')","parameters/method":"POST","parameters/uri":"_api/web/lists/GetByTitle('BAR_Requests')/views/getbytitle('All Items')/ViewFields/AddViewField('Status')","parameters/headers":{"accept":"application/json;odata=verbose","content-Type":"application/json;odata=verbose"}},"authentication":{"value":"@json(decodeBase64(triggerOutputs().headers['X-MS-APIM-Tokens']))['$ConnectionKey']","type":"Raw"}}},"Requests_CheckIn_Status":{"runAfter":{"Add_Requests_Status_to_Default_View":["Succeeded"]},"type":"OpenApiConnection","inputs":{"host":{"apiId":"/providers/Microsoft.PowerApps/apis/shared_sharepointonline","connectionName":"shared_sharepointonline","operationId":"HttpRequest"},"parameters":{"dataset":"@variables('varSitePrefix')","parameters/method":"POST","parameters/uri":"_api/lists/getbytitle('BAR_Requests')/fields","parameters/headers":{"Accept":"application/json;odata=verbose","Content-Type":"application/json;odata=verbose"},"parameters/body":"{ '__metadata':\n    { 'type': 'SP.FieldChoice'},\n    'Title': 'CheckIn Status',\n    'FieldTypeKind': 6,\n    'Required': 'false',\n    'Choices': { 'results': ['Checked-In', 'Checked-Out'] }\n}"},"authentication":{"value":"@json(decodeBase64(triggerOutputs().headers['X-MS-APIM-Tokens']))['$ConnectionKey']","type":"Raw"}}},"Add_CheckIn_Status_to_Default_View":{"runAfter":{"Requests_CheckIn_Status":["Succeeded"]},"type":"OpenApiConnection","inputs":{"host":{"apiId":"/providers/Microsoft.PowerApps/apis/shared_sharepointonline","connectionName":"shared_sharepointonline","operationId":"HttpRequest"},"parameters":{"dataset":"@variables('varSitePrefix')","parameters/method":"POST","parameters/uri":"_api/web/lists/GetByTitle('BAR_Requests')/views/getbytitle('All Items')/ViewFields/AddViewField('CheckIn Status')","parameters/headers":{"accept":"application/json;odata=verbose","content-Type":"application/json;odata=verbose"}},"authentication":{"value":"@json(decodeBase64(triggerOutputs().headers['X-MS-APIM-Tokens']))['$ConnectionKey']","type":"Raw"}}},"Requests_RequestorNotificationSent":{"runAfter":{"Add_CheckIn_Status_to_Default_View":["Succeeded"]},"type":"OpenApiConnection","inputs":{"host":{"apiId":"/providers/Microsoft.PowerApps/apis/shared_sharepointonline","connectionName":"shared_sharepointonline","operationId":"HttpRequest"},"parameters":{"dataset":"@variables('varSitePrefix')","parameters/method":"POST","parameters/uri":"_api/lists/getbytitle('BAR_Requests')/fields","parameters/headers":{"Accept":"application/json;odata=verbose","Content-Type":"application/json;odata=verbose"},"parameters/body":"{\n    '__metadata': {'type':'SP.Field'},\n    'FieldTypeKind': 8,\n     'Title': 'RequestorNotificationSent'\n}"},"authentication":{"value":"@json(decodeBase64(triggerOutputs().headers['X-MS-APIM-Tokens']))['$ConnectionKey']","type":"Raw"}}},"Add_RequestorNotificationSent_to_Default_View":{"runAfter":{"Requests_RequestorNotificationSent":["Succeeded"]},"type":"OpenApiConnection","inputs":{"host":{"apiId":"/providers/Microsoft.PowerApps/apis/shared_sharepointonline","connectionName":"shared_sharepointonline","operationId":"HttpRequest"},"parameters":{"dataset":"@variables('varSitePrefix')","parameters/method":"POST","parameters/uri":"_api/web/lists/GetByTitle('BAR_Requests')/views/getbytitle('All Items')/ViewFields/AddViewField('RequestorNotificationSent')","parameters/headers":{"accept":"application/json;odata=verbose","content-Type":"application/json;odata=verbose"}},"authentication":{"value":"@json(decodeBase64(triggerOutputs().headers['X-MS-APIM-Tokens']))['$ConnectionKey']","type":"Raw"}}},"Requests_AutoApproved":{"runAfter":{"Add_RequestorNotificationSent_to_Default_View":["Succeeded"]},"type":"OpenApiConnection","inputs":{"host":{"apiId":"/providers/Microsoft.PowerApps/apis/shared_sharepointonline","connectionName":"shared_sharepointonline","operationId":"HttpRequest"},"parameters":{"dataset":"@variables('varSitePrefix')","parameters/method":"POST","parameters/uri":"_api/lists/getbytitle('BAR_Requests')/fields","parameters/headers":{"Accept":"application/json;odata=verbose","Content-Type":"application/json;odata=verbose"},"parameters/body":"{\n    '__metadata': {'type':'SP.Field'},\n    'FieldTypeKind': 8,\n     'Title': 'AutoApproved',\n     'DefaultValue':'0'\n}"},"authentication":{"value":"@json(decodeBase64(triggerOutputs().headers['X-MS-APIM-Tokens']))['$ConnectionKey']","type":"Raw"}}},"Add_AutoApproved_to_Default_View":{"runAfter":{"Requests_AutoApproved":["Succeeded"]},"type":"OpenApiConnection","inputs":{"host":{"apiId":"/providers/Microsoft.PowerApps/apis/shared_sharepointonline","connectionName":"shared_sharepointonline","operationId":"HttpRequest"},"parameters":{"dataset":"@variables('varSitePrefix')","parameters/method":"POST","parameters/uri":"_api/web/lists/GetByTitle('BAR_Requests')/views/getbytitle('All Items')/ViewFields/AddViewField('AutoApproved')","parameters/headers":{"accept":"application/json;odata=verbose","content-Type":"application/json;odata=verbose"}},"authentication":{"value":"@json(decodeBase64(triggerOutputs().headers['X-MS-APIM-Tokens']))['$ConnectionKey']","type":"Raw"}}},"Requests_RequestDate":{"runAfter":{"Add_AutoApproved_to_Default_View":["Succeeded"]},"type":"OpenApiConnection","inputs":{"host":{"apiId":"/providers/Microsoft.PowerApps/apis/shared_sharepointonline","connectionName":"shared_sharepointonline","operationId":"HttpRequest"},"parameters":{"dataset":"@variables('varSitePrefix')","parameters/method":"POST","parameters/uri":"_api/lists/getbytitle('BAR_Requests')/fields","parameters/headers":{"Accept":"application/json;odata=verbose","Content-Type":"application/json;odata=verbose"},"parameters/body":"{\n    '__metadata': {'type':'SP.FieldDateTime'},\n    'FieldTypeKind': 4,\n     'Title': 'RequestDate',\n     \"DisplayFormat\":0,\n     \"EnforceUniqueValues\":false,\n     \"Required\":false,\n      \"FriendlyDisplayFormat\":0\n}"},"authentication":{"value":"@json(decodeBase64(triggerOutputs().headers['X-MS-APIM-Tokens']))['$ConnectionKey']","type":"Raw"}}},"Add_RequestDate_to_Default_View":{"runAfter":{"Requests_RequestDate":["Succeeded"]},"type":"OpenApiConnection","inputs":{"host":{"apiId":"/providers/Microsoft.PowerApps/apis/shared_sharepointonline","connectionName":"shared_sharepointonline","operationId":"HttpRequest"},"parameters":{"dataset":"@variables('varSitePrefix')","parameters/method":"POST","parameters/uri":"_api/web/lists/GetByTitle('BAR_Requests')/views/getbytitle('All Items')/ViewFields/AddViewField('RequestDate')","parameters/headers":{"accept":"application/json;odata=verbose","content-Type":"application/json;odata=verbose"}},"authentication":{"value":"@json(decodeBase64(triggerOutputs().headers['X-MS-APIM-Tokens']))['$ConnectionKey']","type":"Raw"}}},"Requests_CheckInTime":{"runAfter":{"Add_RequestDate_to_Default_View":["Succeeded"]},"type":"OpenApiConnection","inputs":{"host":{"apiId":"/providers/Microsoft.PowerApps/apis/shared_sharepointonline","connectionName":"shared_sharepointonline","operationId":"HttpRequest"},"parameters":{"dataset":"@variables('varSitePrefix')","parameters/method":"POST","parameters/uri":"_api/lists/getbytitle('BAR_Requests')/fields","parameters/headers":{"Accept":"application/json;odata=verbose","Content-Type":"application/json;odata=verbose"},"parameters/body":"{\n    '__metadata': {'type':'SP.FieldDateTime'},\n    'FieldTypeKind': 4,\n     'Title': 'CheckInTime',\n     \"EnforceUniqueValues\":false,\n     \"Required\":false,\n       \"DisplayFormat\":1,\n      \"FriendlyDisplayFormat\":0,\n        'Indexed':true\n}"},"authentication":{"value":"@json(decodeBase64(triggerOutputs().headers['X-MS-APIM-Tokens']))['$ConnectionKey']","type":"Raw"}}},"Add_CheckInTime_to_Default_View":{"runAfter":{"Requests_CheckInTime":["Succeeded"]},"type":"OpenApiConnection","inputs":{"host":{"apiId":"/providers/Microsoft.PowerApps/apis/shared_sharepointonline","connectionName":"shared_sharepointonline","operationId":"HttpRequest"},"parameters":{"dataset":"@variables('varSitePrefix')","parameters/method":"POST","parameters/uri":"_api/web/lists/GetByTitle('BAR_Requests')/views/getbytitle('All Items')/ViewFields/AddViewField('CheckInTime')","parameters/headers":{"accept":"application/json;odata=verbose","content-Type":"application/json;odata=verbose"}},"authentication":{"value":"@json(decodeBase64(triggerOutputs().headers['X-MS-APIM-Tokens']))['$ConnectionKey']","type":"Raw"}}},"Requests_CheckOutTime":{"runAfter":{"Add_CheckInTime_to_Default_View":["Succeeded"]},"type":"OpenApiConnection","inputs":{"host":{"apiId":"/providers/Microsoft.PowerApps/apis/shared_sharepointonline","connectionName":"shared_sharepointonline","operationId":"HttpRequest"},"parameters":{"dataset":"@variables('varSitePrefix')","parameters/method":"POST","parameters/uri":"_api/lists/getbytitle('BAR_Requests')/fields","parameters/headers":{"Accept":"application/json;odata=verbose","Content-Type":"application/json;odata=verbose"},"parameters/body":"{\n    '__metadata': {'type':'SP.FieldDateTime'},\n    'FieldTypeKind': 4,\n     'Title': 'CheckOutTime',\n     \"EnforceUniqueValues\":false,\n     \"Required\":false,\n       \"DisplayFormat\":1,\n      \"FriendlyDisplayFormat\":0\n}"},"authentication":{"value":"@json(decodeBase64(triggerOutputs().headers['X-MS-APIM-Tokens']))['$ConnectionKey']","type":"Raw"}}},"Add_CheckOutTime_to_Default_View":{"runAfter":{"Requests_CheckOutTime":["Succeeded"]},"type":"OpenApiConnection","inputs":{"host":{"apiId":"/providers/Microsoft.PowerApps/apis/shared_sharepointonline","connectionName":"shared_sharepointonline","operationId":"HttpRequest"},"parameters":{"dataset":"@variables('varSitePrefix')","parameters/method":"POST","parameters/uri":"_api/web/lists/GetByTitle('BAR_Requests')/views/getbytitle('All Items')/ViewFields/AddViewField('CheckOutTime')","parameters/headers":{"accept":"application/json;odata=verbose","content-Type":"application/json;odata=verbose"}},"authentication":{"value":"@json(decodeBase64(triggerOutputs().headers['X-MS-APIM-Tokens']))['$ConnectionKey']","type":"Raw"}}},"Requests_Requestor":{"runAfter":{"Add_CheckOutTime_to_Default_View":["Succeeded"]},"type":"OpenApiConnection","inputs":{"host":{"apiId":"/providers/Microsoft.PowerApps/apis/shared_sharepointonline","connectionName":"shared_sharepointonline","operationId":"HttpRequest"},"parameters":{"dataset":"@variables('varSitePrefix')","parameters/method":"POST","parameters/uri":"_api/lists/getbytitle('BAR_Requests')/fields","parameters/headers":{"Accept":"application/json;odata=verbose","Content-Type":"application/json;odata=verbose"},"parameters/body":"{\n    '__metadata': {'type': 'SP.FieldUser'},\n    'FieldTypeKind': 20,\n     'Title': 'Requestor',\n     'SelectionGroup': 7,\n     'SelectionMode': 0,\n\"AllowMultipleValues\":false,\n 'Indexed':true\n}"},"authentication":{"value":"@json(decodeBase64(triggerOutputs().headers['X-MS-APIM-Tokens']))['$ConnectionKey']","type":"Raw"}}},"Add_Requestor_to_Default_View":{"runAfter":{"Requests_Requestor":["Succeeded"]},"type":"OpenApiConnection","inputs":{"host":{"apiId":"/providers/Microsoft.PowerApps/apis/shared_sharepointonline","connectionName":"shared_sharepointonline","operationId":"HttpRequest"},"parameters":{"dataset":"@variables('varSitePrefix')","parameters/method":"POST","parameters/uri":"_api/web/lists/GetByTitle('BAR_Requests')/views/getbytitle('All Items')/ViewFields/AddViewField('Requestor')","parameters/headers":{"accept":"application/json;odata=verbose","content-Type":"application/json;odata=verbose"}},"authentication":{"value":"@json(decodeBase64(triggerOutputs().headers['X-MS-APIM-Tokens']))['$ConnectionKey']","type":"Raw"}}},"Requests_Approver":{"runAfter":{"Add_Requestor_to_Default_View":["Succeeded"]},"type":"OpenApiConnection","inputs":{"host":{"apiId":"/providers/Microsoft.PowerApps/apis/shared_sharepointonline","connectionName":"shared_sharepointonline","operationId":"HttpRequest"},"parameters":{"dataset":"@variables('varSitePrefix')","parameters/method":"POST","parameters/uri":"_api/lists/getbytitle('BAR_Requests')/fields","parameters/headers":{"Accept":"application/json;odata=verbose","Content-Type":"application/json;odata=verbose"},"parameters/body":"{\n    '__metadata': {'type': 'SP.FieldUser'},\n    'FieldTypeKind': 20,\n     'Title': 'Approver',\n     'SelectionGroup': 7,\n     'SelectionMode': 0,\n     \"AllowMultipleValues\":false,\n      'Indexed':true\n}"},"authentication":{"value":"@json(decodeBase64(triggerOutputs().headers['X-MS-APIM-Tokens']))['$ConnectionKey']","type":"Raw"}}},"Add_Approver_to_Default_View":{"runAfter":{"Requests_Approver":["Succeeded"]},"type":"OpenApiConnection","inputs":{"host":{"apiId":"/providers/Microsoft.PowerApps/apis/shared_sharepointonline","connectionName":"shared_sharepointonline","operationId":"HttpRequest"},"parameters":{"dataset":"@variables('varSitePrefix')","parameters/method":"POST","parameters/uri":"_api/web/lists/GetByTitle('BAR_Requests')/views/getbytitle('All Items')/ViewFields/AddViewField('Approver')","parameters/headers":{"accept":"application/json;odata=verbose","content-Type":"application/json;odata=verbose"}},"authentication":{"value":"@json(decodeBase64(triggerOutputs().headers['X-MS-APIM-Tokens']))['$ConnectionKey']","type":"Raw"}}},"Requests_SecurityApprover":{"runAfter":{"Add_Approver_to_Default_View":["Succeeded"]},"type":"OpenApiConnection","inputs":{"host":{"apiId":"/providers/Microsoft.PowerApps/apis/shared_sharepointonline","connectionName":"shared_sharepointonline","operationId":"HttpRequest"},"parameters":{"dataset":"@variables('varSitePrefix')","parameters/method":"POST","parameters/uri":"_api/lists/getbytitle('BAR_Requests')/fields","parameters/headers":{"Accept":"application/json;odata=verbose","Content-Type":"application/json;odata=verbose"},"parameters/body":"{\n    '__metadata': {'type': 'SP.FieldUser'},\n    'FieldTypeKind': 20,\n     'Title': 'SecurityApprover',\n     'SelectionGroup': 7,\n     'SelectionMode': 0,\n     \"AllowMultipleValues\":false\n}"},"authentication":{"value":"@json(decodeBase64(triggerOutputs().headers['X-MS-APIM-Tokens']))['$ConnectionKey']","type":"Raw"}}},"Add_SecurityApprover_to_Default_View":{"runAfter":{"Requests_SecurityApprover":["Succeeded"]},"type":"OpenApiConnection","inputs":{"host":{"apiId":"/providers/Microsoft.PowerApps/apis/shared_sharepointonline","connectionName":"shared_sharepointonline","operationId":"HttpRequest"},"parameters":{"dataset":"@variables('varSitePrefix')","parameters/method":"POST","parameters/uri":"_api/web/lists/GetByTitle('BAR_Requests')/views/getbytitle('All Items')/ViewFields/AddViewField('SecurityApprover')","parameters/headers":{"accept":"application/json;odata=verbose","content-Type":"application/json;odata=verbose"}},"authentication":{"value":"@json(decodeBase64(triggerOutputs().headers['X-MS-APIM-Tokens']))['$ConnectionKey']","type":"Raw"}}},"Set_Modified_Column_Indexed":{"runAfter":{"Add_SecurityApprover_to_Default_View":["Succeeded"]},"metadata":{"flowSystemMetadata":{"swaggerOperationId":"HttpRequest"}},"type":"ApiConnection","inputs":{"host":{"connection":{"name":"@json(decodeBase64(triggerOutputs().headers['X-MS-APIM-Tokens']))['$connections']['shared_sharepointonline']['connectionId']"},"api":{"runtimeUrl":"https://europe-002.azure-apim.net/apim/sharepointonline"}},"method":"post","body":{"method":"POST","uri":"_api/web/lists/getByTitle('BAR_Requests')/fields/getByTitle('Modified')","headers":{"Accept":"application/json;odata=verbose","Content-Type":"application/json;odata=verbose","IF-MATCH":"*","X-HTTP-Method":"PATCH"},"body":"{\n'__metadata': {'type':'SP.FieldDateTime'},\n'Indexed':true\n}"},"path":"/datasets/@{encodeURIComponent(encodeURIComponent(variables('varSitePrefix')))}/httprequest","authentication":{"type":"Raw","value":"@json(decodeBase64(triggerOutputs().headers['X-MS-APIM-Tokens']))['$ConnectionKey']"}}},"Set_Created_Column_Indexed":{"runAfter":{"Set_Modified_Column_Indexed":["Succeeded"]},"metadata":{"flowSystemMetadata":{"swaggerOperationId":"HttpRequest"}},"type":"ApiConnection","inputs":{"host":{"connection":{"name":"@json(decodeBase64(triggerOutputs().headers['X-MS-APIM-Tokens']))['$connections']['shared_sharepointonline']['connectionId']"},"api":{"runtimeUrl":"https://europe-002.azure-apim.net/apim/sharepointonline"}},"method":"post","body":{"method":"POST","uri":"_api/web/lists/getByTitle('BAR_Requests')/fields/getByTitle('Created')","headers":{"Accept":"application/json;odata=verbose","Content-Type":"application/json;odata=verbose","IF-MATCH":"*","X-HTTP-Method":"PATCH"},"body":"{\n'__metadata': {'type':'SP.FieldDateTime'},\n'Indexed':true\n}"},"path":"/datasets/@{encodeURIComponent(encodeURIComponent(variables('varSitePrefix')))}/httprequest","authentication":{"type":"Raw","value":"@json(decodeBase64(triggerOutputs().headers['X-MS-APIM-Tokens']))['$ConnectionKey']"}}},"Requests_RequestorGuid":{"runAfter":{"Add_ApproverNameText_to_Default_View":["Succeeded"]},"type":"OpenApiConnection","inputs":{"host":{"apiId":"/providers/Microsoft.PowerApps/apis/shared_sharepointonline","connectionName":"shared_sharepointonline","operationId":"HttpRequest"},"parameters":{"dataset":"@variables('varSitePrefix')","parameters/method":"POST","parameters/uri":"_api/lists/getbytitle('BAR_Requests')/fields","parameters/headers":{"Accept":"application/json;odata=verbose","Content-Type":"application/json;odata=verbose"},"parameters/body":"{\n    '__metadata': {'type':'SP.FieldText'},\n    'FieldTypeKind': 2,\n    'Title': 'RequestorGuid'\n}"},"authentication":{"value":"@json(decodeBase64(triggerOutputs().headers['X-MS-APIM-Tokens']))['$ConnectionKey']","type":"Raw"}}},"Requests_ApproverGuid":{"runAfter":{"Requests_RequestorGuid":["Succeeded"]},"type":"OpenApiConnection","inputs":{"host":{"apiId":"/providers/Microsoft.PowerApps/apis/shared_sharepointonline","connectionName":"shared_sharepointonline","operationId":"HttpRequest"},"parameters":{"dataset":"@variables('varSitePrefix')","parameters/method":"POST","parameters/uri":"_api/lists/getbytitle('BAR_Requests')/fields","parameters/headers":{"Accept":"application/json;odata=verbose","Content-Type":"application/json;odata=verbose"},"parameters/body":"{\n    '__metadata': {'type':'SP.FieldText'},\n    'FieldTypeKind': 2,\n    'Title': 'ApproverGuid'\n}"},"authentication":{"value":"@json(decodeBase64(triggerOutputs().headers['X-MS-APIM-Tokens']))['$ConnectionKey']","type":"Raw"}}},"Requests_SecurityApproverGuid":{"runAfter":{"Requests_ApproverGuid":["Succeeded"]},"type":"OpenApiConnection","inputs":{"host":{"apiId":"/providers/Microsoft.PowerApps/apis/shared_sharepointonline","connectionName":"shared_sharepointonline","operationId":"HttpRequest"},"parameters":{"dataset":"@variables('varSitePrefix')","parameters/method":"POST","parameters/uri":"_api/lists/getbytitle('BAR_Requests')/fields","parameters/headers":{"Accept":"application/json;odata=verbose","Content-Type":"application/json;odata=verbose"},"parameters/body":"{\n    '__metadata': {'type':'SP.FieldText'},\n    'FieldTypeKind': 2,\n    'Title': 'SecurityApproverGuid'\n}"},"authentication":{"value":"@json(decodeBase64(triggerOutputs().headers['X-MS-APIM-Tokens']))['$ConnectionKey']","type":"Raw"}}}},"runAfter":{"Scope_-_Key_Questions":["Succeeded"]},"type":"Scope"},"Scope_-_KeyQuestionAnswers":{"actions":{"Send_an_HTTP_request_to_SharePoint_KeyQuestionAnswers_":{"runAfter":{},"type":"OpenApiConnection","inputs":{"host":{"apiId":"/providers/Microsoft.PowerApps/apis/shared_sharepointonline","connectionName":"shared_sharepointonline","operationId":"HttpRequest"},"parameters":{"dataset":"@variables('varSitePrefix')","parameters/method":"POST","parameters/uri":"/_api/web/lists","parameters/headers":{"Accept":"application/json;odata=verbose","Content-Type":"application/json;odata=verbose"},"parameters/body":"{\n  \"__metadata\": {\"type\": \"SP.List\"},\n  \"AllowContentTypes\": true,\n  \"BaseTemplate\": 100,\n \"Description\": \"Answers for Key Questions List for @{variables('varAppName')}.\",\n \"Title\": \"BAR_KeyQuestionAnswers\"\n}"},"authentication":{"value":"@json(decodeBase64(triggerOutputs().headers['X-MS-APIM-Tokens']))['$ConnectionKey']","type":"Raw"}}},"KeyQuestionAnswers_QuestionID":{"runAfter":{"Send_an_HTTP_request_to_SharePoint_KeyQuestionAnswers_":["Succeeded"]},"type":"OpenApiConnection","inputs":{"host":{"apiId":"/providers/Microsoft.PowerApps/apis/shared_sharepointonline","connectionName":"shared_sharepointonline","operationId":"HttpRequest"},"parameters":{"dataset":"@variables('varSitePrefix')","parameters/method":"POST","parameters/uri":"_api/lists/getbytitle('BAR_KeyQuestionAnswers')/fields","parameters/headers":{"Accept":"application/json;odata=verbose","Content-Type":"application/json;odata=verbose"},"parameters/body":"{\n    '__metadata': {'type':'SP.FieldNumber'},\n    'FieldTypeKind':9,\n      \"EnforceUniqueValues\":false,\n      \"Required\":false,\n    'Title': 'QuestionID'\n}"},"authentication":{"value":"@json(decodeBase64(triggerOutputs().headers['X-MS-APIM-Tokens']))['$ConnectionKey']","type":"Raw"}}},"Requests_User":{"runAfter":{"Add_QuestionID_to_Default_View":["Succeeded"]},"type":"OpenApiConnection","inputs":{"host":{"apiId":"/providers/Microsoft.PowerApps/apis/shared_sharepointonline","connectionName":"shared_sharepointonline","operationId":"HttpRequest"},"parameters":{"dataset":"@variables('varSitePrefix')","parameters/method":"POST","parameters/uri":"_api/lists/getbytitle('BAR_KeyQuestionAnswers')/fields","parameters/headers":{"Accept":"application/json;odata=verbose","Content-Type":"application/json;odata=verbose"},"parameters/body":"{\n    '__metadata': {'type': 'SP.FieldUser'},\n    'FieldTypeKind': 20,\n     'Title': 'User',\n     'SelectionGroup': 7,\n     'SelectionMode': 0\n}"},"authentication":{"value":"@json(decodeBase64(triggerOutputs().headers['X-MS-APIM-Tokens']))['$ConnectionKey']","type":"Raw"}}},"Add_QuestionID_to_Default_View":{"runAfter":{"KeyQuestionAnswers_QuestionID":["Succeeded"]},"type":"OpenApiConnection","inputs":{"host":{"apiId":"/providers/Microsoft.PowerApps/apis/shared_sharepointonline","connectionName":"shared_sharepointonline","operationId":"HttpRequest"},"parameters":{"dataset":"@variables('varSitePrefix')","parameters/method":"POST","parameters/uri":"_api/web/lists/GetByTitle('BAR_KeyQuestionAnswers')/views/getbytitle('All Items')/ViewFields/AddViewField('QuestionID')","parameters/headers":{"accept":"application/json;odata=verbose","content-Type":"application/json;odata=verbose"}},"authentication":{"value":"@json(decodeBase64(triggerOutputs().headers['X-MS-APIM-Tokens']))['$ConnectionKey']","type":"Raw"}}},"Add_User_to_Default_View":{"runAfter":{"Requests_User":["Succeeded"]},"type":"OpenApiConnection","inputs":{"host":{"apiId":"/providers/Microsoft.PowerApps/apis/shared_sharepointonline","connectionName":"shared_sharepointonline","operationId":"HttpRequest"},"parameters":{"dataset":"@variables('varSitePrefix')","parameters/method":"POST","parameters/uri":"_api/web/lists/GetByTitle('BAR_KeyQuestionAnswers')/views/getbytitle('All Items')/ViewFields/AddViewField('User')","parameters/headers":{"accept":"application/json;odata=verbose","content-Type":"application/json;odata=verbose"}},"authentication":{"value":"@json(decodeBase64(triggerOutputs().headers['X-MS-APIM-Tokens']))['$ConnectionKey']","type":"Raw"}}}},"runAfter":{"Scope_-_Requests":["Succeeded"]},"type":"Scope"},"Scope_-_Spaces":{"actions":{"Send_an_HTTP_request_to_SharePoint_Spaces":{"runAfter":{},"type":"OpenApiConnection","inputs":{"host":{"apiId":"/providers/Microsoft.PowerApps/apis/shared_sharepointonline","connectionName":"shared_sharepointonline","operationId":"HttpRequest"},"parameters":{"dataset":"@variables('varSitePrefix')","parameters/method":"POST","parameters/uri":"/_api/web/lists","parameters/headers":{"Accept":"application/json;odata=verbose","Content-Type":"application/json;odata=verbose"},"parameters/body":"{\n  \"__metadata\": {\"type\": \"SP.List\"},\n  \"AllowContentTypes\": true,\n  \"BaseTemplate\": 100,\n \"Description\": \"List of bookable spaces for @{variables('varAppName')}.\",\n \"Title\": \"BAR_Spaces\"\n}"},"authentication":{"value":"@json(decodeBase64(triggerOutputs().headers['X-MS-APIM-Tokens']))['$ConnectionKey']","type":"Raw"}}},"Spaces_BuildingID":{"runAfter":{"Send_an_HTTP_request_to_SharePoint_Spaces":["Succeeded"]},"type":"OpenApiConnection","inputs":{"host":{"apiId":"/providers/Microsoft.PowerApps/apis/shared_sharepointonline","connectionName":"shared_sharepointonline","operationId":"HttpRequest"},"parameters":{"dataset":"@variables('varSitePrefix')","parameters/method":"POST","parameters/uri":"_api/lists/getbytitle('BAR_Spaces')/fields","parameters/headers":{"Accept":"application/json;odata=verbose","Content-Type":"application/json;odata=verbose"},"parameters/body":"{\n    '__metadata': {'type':'SP.FieldNumber'},\n    'FieldTypeKind':9,\n      \"EnforceUniqueValues\":false,\n      \"Required\":false,\n    'Title': 'BuildingID'\n}"},"authentication":{"value":"@json(decodeBase64(triggerOutputs().headers['X-MS-APIM-Tokens']))['$ConnectionKey']","type":"Raw"}}},"Add_Spaces_BuildingID_to_Default_View":{"runAfter":{"Spaces_BuildingID":["Succeeded"]},"type":"OpenApiConnection","inputs":{"host":{"apiId":"/providers/Microsoft.PowerApps/apis/shared_sharepointonline","connectionName":"shared_sharepointonline","operationId":"HttpRequest"},"parameters":{"dataset":"@variables('varSitePrefix')","parameters/method":"POST","parameters/uri":"_api/web/lists/GetByTitle('BAR_Spaces')/views/getbytitle('All Items')/ViewFields/AddViewField('BuildingID')","parameters/headers":{"accept":"application/json;odata=verbose","content-Type":"application/json;odata=verbose"}},"authentication":{"value":"@json(decodeBase64(triggerOutputs().headers['X-MS-APIM-Tokens']))['$ConnectionKey']","type":"Raw"}}},"Spaces_Capacity":{"runAfter":{"Add_Spaces_BuildingID_to_Default_View":["Succeeded"]},"type":"OpenApiConnection","inputs":{"host":{"apiId":"/providers/Microsoft.PowerApps/apis/shared_sharepointonline","connectionName":"shared_sharepointonline","operationId":"HttpRequest"},"parameters":{"dataset":"@variables('varSitePrefix')","parameters/method":"POST","parameters/uri":"_api/lists/getbytitle('BAR_Spaces')/fields","parameters/headers":{"Accept":"application/json;odata=verbose","Content-Type":"application/json;odata=verbose"},"parameters/body":"{\n    '__metadata': {'type':'SP.FieldNumber'},\n    'FieldTypeKind':9,\n      \"EnforceUniqueValues\":false,\n      \"Required\":false,\n    'Title': 'Capacity'\n}"},"authentication":{"value":"@json(decodeBase64(triggerOutputs().headers['X-MS-APIM-Tokens']))['$ConnectionKey']","type":"Raw"}}},"Add_Capacity_to_Default_View":{"runAfter":{"Spaces_Capacity":["Succeeded"]},"type":"OpenApiConnection","inputs":{"host":{"apiId":"/providers/Microsoft.PowerApps/apis/shared_sharepointonline","connectionName":"shared_sharepointonline","operationId":"HttpRequest"},"parameters":{"dataset":"@variables('varSitePrefix')","parameters/method":"POST","parameters/uri":"_api/web/lists/GetByTitle('BAR_Spaces')/views/getbytitle('All Items')/ViewFields/AddViewField('Capacity')","parameters/headers":{"accept":"application/json;odata=verbose","content-Type":"application/json;odata=verbose"}},"authentication":{"value":"@json(decodeBase64(triggerOutputs().headers['X-MS-APIM-Tokens']))['$ConnectionKey']","type":"Raw"}}}},"runAfter":{"Scope_-_KeyQuestionAnswers":["Succeeded"]},"type":"Scope"}},"description":"This flow creates the dependent SharePoint list in the site of your choice, that will support the Back to Work App. App name can also be changed within the variable."},"connectionReferences":{"shared_sharepointonline":{"connectionName":"c8f48f56944848bd8bf68acd1bb6987e","source":"Invoker","id":"/providers/Microsoft.PowerApps/apis/shared_sharepointonline","tier":"NotSpecified"}},"flowFailureAlertSubscribed":false}}